icpsr,id,name,state_abbrev,V1,V2,V3,V4,V5,V6,V7,V8,V9,V10
21163,MH11421163,"STIVERS, Steve",OH,1,6,1,6,1,6,6,0,0,0
15021,MS11415021,"DURBIN, Richard Joseph",IL,0,0,0,0,0,0,0,6,1,6
20501,MH11420501,"COSTA, Jim",CA,1,1,6,1,1,1,1,0,0,0
20504,MH11420504,"WASSERMAN SCHULTZ, Debbie",FL,1,1,6,1,1,1,1,0,0,0
20505,MH11420505,"PRICE, Tom",GA,1,6,0,0,0,0,0,0,0,0
20506,MH11420506,"WESTMORELAND, Lynn A.",GA,6,6,0,0,0,0,0,0,0,0
20508,MH11420508,"LIPINSKI, Daniel",IL,6,1,6,1,1,1,1,0,0,0
21509,MH11421509,"WALTERS, Mimi",CA,1,6,1,6,6,6,6,0,0,0
20514,MH11420514,"BOUSTANY, Charles W.",LA,1,6,0,0,0,0,0,0,0,0
20517,MH11420517,"CLEAVER, Emanuel, II",MO,6,1,6,1,1,1,1,0,0,0
20518,MH11420518,"FORTENBERRY, Jeff",NE,1,6,1,1,1,9,9,0,0,0
20519,MH11420519,"HIGGINS, Brian",NY,6,1,6,1,1,1,1,0,0,0
20521,MH11420521,"FOXX, Virginia Ann",NC,1,6,1,6,6,6,6,0,0,0
20522,MH11420522,"McHENRY, Patrick T.",NC,1,6,1,6,6,6,6,0,0,0
20524,MH11420524,"FITZPATRICK, Michael G.",PA,1,1,0,0,0,0,0,0,0,0
20526,MH11420526,"DENT, Charles W.",PA,1,6,1,6,1,6,6,0,0,0
20527,MH11420527,"GOHMERT, Louie",TX,6,6,1,6,6,6,6,0,0,0
20528,MH11420528,"POE, Ted",TX,1,6,1,6,1,6,6,0,0,0
20529,MH11420529,"GREEN, Al",TX,6,1,6,1,1,1,1,0,0,0
20530,MH11420530,"McCAUL, Michael T.",TX,1,6,1,6,1,6,6,0,0,0
20531,MH11420531,"CONAWAY, K. Michael",TX,1,6,1,6,6,6,6,0,0,0
20532,MH11420532,"MARCHANT, Kenny",TX,1,6,1,6,1,6,6,0,0,0
20533,MH11420533,"CUELLAR, Henry",TX,1,1,6,6,1,1,1,0,0,0
20535,MH11420535,"McMORRIS RODGERS, Cathy",WA,1,6,1,6,6,6,6,0,0,0
20536,MH11420536,"REICHERT, David G.",WA,1,6,1,1,6,6,6,0,0,0
20537,MH11420537,"MOORE, Gwendolynne S. (Gwen)",WI,6,1,6,1,1,1,1,0,0,0
20538,MH11420538,"MATSUI, Doris",CA,6,1,9,1,1,1,1,0,0,0
20542,MH11420542,"SIRES, Albio",NJ,6,9,6,1,1,1,1,0,0,0
21173,MS11421173,"SCOTT, Tim",SC,0,0,0,0,0,0,0,1,6,1
29707,MH11429707,"SHERMAN, Brad",CA,6,1,6,1,1,1,1,0,0,0
21517,MH11421517,"TAKAI, Mark",HI,6,9,0,0,0,0,0,0,0,0
29368,MH11429368,"THOMPSON, Bennie",MS,6,1,6,1,1,1,1,0,0,0
21518,MH11421518,"DOLD, Robert",IL,1,1,0,0,0,0,0,0,0,0
21177,MH11421177,"NOEM, Kristi",SD,1,6,1,6,6,6,6,0,0,0
14435,MS11414435,"MARKEY, Edward John",MA,0,0,0,0,0,0,0,6,1,6
14440,MS11414440,"MIKULSKI, Barbara Ann",MD,0,0,0,0,0,0,0,6,1,6
29373,MS11429373,"MENENDEZ, Robert",NJ,0,0,0,0,0,0,0,6,1,6
15039,MS11415039,"McCAIN, John Sidney, III",AZ,0,0,0,0,0,0,0,1,6,1
21525,MH11421525,"MOULTON, Seth",MA,6,1,6,1,1,1,1,0,0,0
29718,MH11429718,"SHIMKUS, John M.",IL,1,6,1,6,6,6,6,0,0,0
21185,MH11421185,"RIGELL, E. Scott",VA,1,6,0,0,0,0,0,0,0,0
29378,MH11429378,"VELÁZQUEZ, Nydia M.",NY,6,1,6,1,1,1,1,0,0,0
41102,MS11441102,"RUBIO, Marco",FL,0,0,0,0,0,0,0,1,6,1
41104,MS11441104,"PAUL, Rand",KY,0,0,0,0,0,0,0,1,6,1
41106,MS11441106,"AYOTTE, Kelly",NH,0,0,0,0,0,0,0,1,1,1
21187,MH11421187,"HERRERA BEUTLER, Jaime",WA,1,9,1,6,1,6,6,0,0,0
49300,MS11449300,"FEINSTEIN, Dianne",CA,0,0,0,0,0,0,0,6,1,6
41110,MS11441110,"LEE, Mike",UT,0,0,0,0,0,0,0,1,6,1
41111,MS11441111,"JOHNSON, Ron",WI,0,0,0,0,0,0,0,1,6,1
41112,MS11441112,"SCHATZ, Brian Emanuel",HI,0,0,0,0,0,0,0,6,1,6
49308,MS11449308,"MURRAY, Patty",WA,0,0,0,0,0,0,0,6,1,6
29722,MS11429722,"MORAN, Jerry",KS,0,0,0,0,0,0,0,1,6,1
29534,MS11429534,"WICKER, Roger F.",MS,0,0,0,0,0,0,0,1,6,1
14503,MS11414503,"HATCH, Orrin Grant",UT,0,0,0,0,0,0,0,1,6,1
29729,MH11429729,"McGOVERN, James P.",MA,6,1,6,1,1,1,1,0,0,0
15054,MS11415054,"REID, Harry",NV,0,0,0,0,0,0,0,6,1,6
29732,MS11429732,"STABENOW, Deborah Ann",MI,0,0,0,0,0,0,0,6,1,6
20702,MH11420702,"McNERNEY, Jerry",CA,6,1,6,1,1,1,1,0,0,0
20703,MH11420703,"MCCARTHY, Kevin",CA,1,6,1,6,6,6,6,0,0,0
20704,MH11420704,"LAMBORN, Doug",CO,1,6,1,6,6,6,6,0,0,0
20705,MH11420705,"PERLMUTTER, Ed",CO,6,1,6,1,1,1,1,0,0,0
20706,MH11420706,"COURTNEY, Joe",CT,6,1,6,1,1,1,1,0,0,0
20707,MS11420707,"MURPHY, Christopher",CT,0,0,0,0,0,0,0,6,1,6
20708,MH11420708,"CASTOR, Kathy",FL,6,1,6,1,1,1,1,0,0,0
20709,MH11420709,"BUCHANAN, Vernon G.",FL,1,6,1,6,6,6,6,0,0,0
20712,MH11420712,"JOHNSON, Hank",GA,6,1,6,1,1,1,1,0,0,0
20713,MS11420713,"HIRONO, Mazie",HI,0,0,0,0,0,0,0,6,1,6
20715,MH11420715,"ROSKAM, Peter",IL,1,6,1,6,6,9,9,0,0,0
20717,MS11420717,"DONNELLY, Joe",IN,0,0,0,0,0,0,0,6,1,1
20720,MH11420720,"LOEBSACK, Dave",IA,6,1,6,1,1,1,1,0,0,0
20723,MH11420723,"YARMUTH, John",KY,6,1,6,1,1,1,1,0,0,0
20724,MH11420724,"SARBANES, John",MD,6,1,6,1,1,1,1,0,0,0
20725,MH11420725,"WALBERG, Tim",MI,1,6,1,6,6,6,6,0,0,0
20726,MH11420726,"WALZ, Tim",MN,6,1,6,1,1,1,1,0,0,0
20727,MH11420727,"ELLISON, Keith",MN,6,1,6,1,1,1,1,0,0,0
20729,MH11420729,"SMITH, Adrian",NE,1,6,1,6,6,6,6,0,0,0
20730,MS11420730,"HELLER, Dean",NV,0,0,0,0,0,0,0,1,1,1
20731,MH11520731,"SHEA-PORTER, Carol",NH,0,0,6,1,1,1,1,0,0,0
20733,MH11420733,"CLARKE, Yvette Diane",NY,6,1,6,1,1,1,1,0,0,0
20735,MS11420735,"GILLIBRAND, Kirsten",NY,0,0,0,0,0,0,0,6,1,6
20738,MH11420738,"JORDAN, Jim",OH,6,6,1,6,6,6,6,0,0,0
20748,MH11420748,"COHEN, Stephen",TN,6,1,6,1,1,1,1,0,0,0
20749,MH11420749,"FOSTER, Bill",IL,6,1,6,1,1,1,1,0,0,0
20750,MH11420750,"WELCH, Peter",VT,6,1,6,1,1,1,1,0,0,0
21549,MH11421549,"RATCLIFFE, John",TX,1,6,1,6,6,6,6,0,0,0
20754,MH11420754,"TSONGAS, Nicola S. (Niki)",MA,6,1,6,1,1,1,1,0,0,0
20755,MH11420755,"LATTA, Robert E.",OH,1,6,1,6,6,6,6,0,0,0
20756,MH11420756,"WITTMAN, Robert J.",VA,6,6,1,6,6,6,6,0,0,0
20757,MH11420757,"CARSON, André",IN,6,1,6,1,1,1,1,0,0,0
20758,MH11420758,"BILIRAKIS, Gus",FL,1,6,1,6,6,6,6,0,0,0
20759,MH11420759,"SCALISE, Steve",LA,1,6,1,9,9,9,9,0,0,0
20762,MH11420762,"SPEIER, Karen Lorraine Jacqueline (Jackie)",CA,6,1,6,1,1,1,1,0,0,0
20763,MH11420763,"EDWARDS, Donna F.",MD,6,1,0,0,0,0,0,0,0,0
15408,MS11415408,"CARDIN, Benjamin Louis",MD,0,0,0,0,0,0,0,6,1,6
15410,MH11415410,"DeFAZIO, Peter Anthony",OR,6,1,6,1,1,1,1,0,0,0
29735,MS11429735,"BLUNT, Roy",MO,0,0,0,0,0,0,0,1,6,1
14657,MH11414657,"SENSENBRENNER, Frank James, Jr.",WI,1,6,1,6,6,6,6,0,0,0
29752,MH11429752,"PITTS, Joseph R.",PA,1,6,0,0,0,0,0,0,0,0
41300,MS11441300,"KING, Angus Stanley, Jr.",ME,0,0,0,0,0,0,0,6,1,6
41301,MS11441301,"WARREN, Elizabeth",MA,0,0,0,0,0,0,0,6,1,6
41302,MS11441302,"FISCHER, Debra (Deb)",NE,0,0,0,0,0,0,0,1,6,1
41303,MS11441303,"HEITKAMP, Mary Kathryn (Heidi)",ND,0,0,0,0,0,0,0,6,1,6
41304,MS11441304,"CRUZ, Rafael Edward (Ted)",TX,0,0,0,0,0,0,0,1,6,1
41305,MS11441305,"KAINE, Timothy Michael (Tim)",VA,0,0,0,0,0,0,0,6,1,6
41308,MS11441308,"BOOKER, Cory Anthony",NJ,0,0,0,0,0,0,0,6,1,6
29754,MS11429754,"THUNE, John",SD,0,0,0,0,0,0,0,1,6,1
29541,MH11429541,"FRELINGHUYSEN, Rodney P.",NJ,1,6,1,6,6,6,6,0,0,0
31101,MH11431101,"DelBENE, Suzan K.",WA,1,1,6,1,1,1,1,0,0,0
31102,MH11431102,"MASSIE, Thomas",KY,6,6,6,6,6,6,6,0,0,0
31103,MH11431103,"PAYNE, Donald, Jr.",NJ,9,9,6,1,1,1,1,0,0,0
15424,MS11415424,"INHOFE, James Mountain",OK,0,0,0,0,0,0,0,1,6,1
39301,MH11439301,"CLYBURN, James Enos",SC,9,1,6,1,1,1,1,0,0,0
39304,MH11439304,"GREEN, Raymond Eugene (Gene)",TX,6,1,9,6,1,1,1,0,0,0
39305,MH11439305,"JOHNSON, Eddie Bernice",TX,1,1,6,1,1,1,1,0,0,0
39307,MH11439307,"SCOTT, Robert C.",VA,6,1,6,1,1,1,1,0,0,0
39308,MH11439308,"GOODLATTE, Robert William",VA,1,6,1,6,6,6,6,0,0,0
39310,MS11439310,"CANTWELL, Maria E.",WA,0,0,0,0,0,0,0,6,1,6
20902,MH11420902,"KIRKPATRICK, Ann",AZ,6,1,0,0,0,0,0,0,0,0
20903,MH11420903,"McCLINTOCK, Tom",CA,1,6,1,6,6,6,6,0,0,0
20904,MH11420904,"POLIS, Jared",CO,1,1,6,1,1,1,1,0,0,0
20906,MH11420906,"COFFMAN, Mike",CO,1,6,1,1,1,6,6,0,0,0
20907,MH11420907,"HIMES, James A.",CT,1,1,6,1,1,1,1,0,0,0
20908,MH11420908,"GRAYSON, Alan",FL,6,1,0,0,0,0,0,0,0,0
20909,MH11420909,"POSEY, Bill",FL,6,6,1,6,6,6,6,0,0,0
20910,MH11420910,"ROONEY, Thomas J.",FL,1,6,9,6,1,6,6,0,0,0
29106,MH11429106,"WATERS, Maxine",CA,6,1,6,1,1,1,1,0,0,0
20915,MH11420915,"JENKINS, Lynn",KS,1,6,1,6,6,6,6,0,0,0
20916,MH11420916,"GUTHRIE, Brett",KY,1,6,1,6,6,6,6,0,0,0
29109,MH11429109,"DeLAURO, Rosa L.",CT,6,1,6,1,1,1,1,0,0,0
20918,MH11420918,"FLEMING, John",LA,6,6,0,0,0,0,0,0,0,0
20919,MS11420919,"CASSIDY, Bill",LA,0,0,0,0,0,0,0,1,6,1
20920,MH11420920,"PINGREE, Chellie",ME,6,1,6,1,1,1,1,0,0,0
20923,MS11420923,"PETERS, Gary C.",MI,0,0,0,0,0,0,0,6,1,6
20924,MH11420924,"PAULSEN, Erik",MN,1,6,1,6,1,6,6,0,0,0
20925,MH11420925,"HARPER, Gregg",MS,1,6,1,6,6,6,6,0,0,0
20926,MH11420926,"LUETKEMEYER, Blaine",MO,1,9,1,6,6,6,6,0,0,0
20927,MH11420927,"TITUS, Alice (Dina)",NV,6,1,9,1,1,1,1,0,0,0
20929,MH11420929,"LANCE, Leonard",NJ,1,6,1,6,6,6,6,0,0,0
20930,MS11420930,"HEINRICH, Martin",NM,0,0,0,0,0,0,0,6,1,6
94659,MS11494659,"SHELBY, Richard C.",AL,0,0,0,0,0,0,0,1,6,1
20932,MH11420932,"LUJÁN, Ben Ray",NM,6,1,6,1,1,1,1,0,0,0
20934,MH11420934,"TONKO, Paul",NY,6,1,6,1,1,1,1,0,0,0
29127,MH11429127,"PETERSON, Collin Clark",MN,6,1,6,6,6,6,1,0,0,0
20941,MH11420941,"FUDGE, Marcia L.",OH,6,1,6,6,6,1,1,0,0,0
29134,MH11429134,"SERRANO, José E.",NY,6,1,6,1,1,1,1,0,0,0
20944,MH11420944,"SCHRADER, Kurt",OR,1,1,6,1,1,1,1,0,0,0
29137,MH11429137,"BOEHNER, John Andrew",OH,1,0,0,0,0,0,0,0,0,0
20946,MH11420946,"THOMPSON, Glenn",PA,1,6,1,6,6,6,6,0,0,0
20947,MH11420947,"ROE, David P. (Phil)",TN,1,6,1,6,6,6,6,0,0,0
20948,MH11420948,"OLSON, Pete",TX,1,6,1,6,1,6,6,0,0,0
15438,MH11415438,"PRICE, David Eugene",NC,6,1,6,1,1,1,1,0,0,0
14806,MS11414806,"COATS, Daniel Ray",IN,0,0,0,0,0,0,0,1,6,1
29143,MH11429143,"JOHNSON, Sam",TX,1,6,1,6,6,6,6,0,0,0
20952,MH11420952,"CONNOLLY, Gerald E. (Gerry)",VA,1,1,6,1,1,1,1,0,0,0
20953,MH11420953,"LUMMIS, Cynthia M.",WY,6,6,0,0,0,0,0,0,0,0
20954,MH11420954,"QUIGLEY, Mike",IL,1,1,6,1,1,1,1,0,0,0
20955,MH11420955,"CHU, Judy",CA,6,1,6,1,1,1,1,0,0,0
20958,MH11420958,"GARAMENDI, John",CA,6,1,6,1,1,1,1,0,0,0
20959,MH11420959,"DEUTCH, Theodore E. (Ted)",FL,6,1,6,1,1,1,1,0,0,0
20962,MH11420962,"GRAVES, Tom",GA,1,6,1,6,6,6,6,0,0,0
20963,MH11420963,"HUNTER, Duncan Duane",CA,6,6,1,6,6,6,6,0,0,0
14852,MS11414852,"ROBERTS, Charles Patrick (Pat)",KS,0,0,0,0,0,0,0,1,6,1
14854,MH11414854,"ROGERS, Harold Dallas (Hal)",KY,1,6,1,6,6,6,6,0,0,0
14858,MS11414858,"SCHUMER, Charles Ellis (Chuck)",NY,0,0,0,0,0,0,0,6,1,6
14863,MH11414863,"SMITH, Christopher Henry",NJ,6,1,1,1,6,1,6,0,0,0
14871,MS11414871,"WYDEN, Ronald Lee",OR,0,0,0,0,0,0,0,6,1,6
14873,MH11414873,"HOYER, Steny Hamilton",MD,6,1,6,1,1,1,1,0,0,0
41500,MS11441500,"SULLIVAN, Daniel Scott",AK,0,0,0,0,0,0,0,1,6,1
41501,MS11441501,"PERDUE, David Alfred, Jr.",GA,0,0,0,0,0,0,0,1,6,1
41502,MS11441502,"ERNST, Joni",IA,0,0,0,0,0,0,0,1,6,1
41503,MS11441503,"SASSE, Benjamin Eric",NE,0,0,0,0,0,0,0,1,6,1
41504,MS11441504,"TILLIS, Thomas Roland (Thom)",NC,0,0,0,0,0,0,0,1,6,1
41505,MS11441505,"ROUNDS, Marion Michael (Mike)",SD,0,0,0,0,0,0,0,1,6,1
49700,MS11449700,"SESSIONS, Jefferson Beauregard III (Jeff)",AL,0,0,0,0,0,0,0,1,6,1
49703,MS11449703,"COLLINS, Susan Margaret",ME,0,0,0,0,0,0,0,1,1,1
49706,MS11449706,"ENZI, Michael B.",WY,0,0,0,0,0,0,0,1,6,1
14921,MS11414921,"McCONNELL, Addison Mitchell (Mitch)",KY,0,0,0,0,0,0,0,1,6,6
21100,MH11421100,"STUTZMAN, Marlin",IN,1,6,0,0,0,0,0,0,0,0
21101,MH11421101,"REED, Thomas W. II",NY,1,1,1,1,6,1,6,0,0,0
21102,MH11421102,"SEWELL, Terri",AL,1,1,6,1,1,1,1,0,0,0
21103,MH11421103,"GOSAR, Paul",AZ,9,6,1,6,6,6,6,0,0,0
21105,MH11421105,"SCHWEIKERT, David",AZ,1,6,1,6,6,6,6,0,0,0
21106,MH11421106,"CRAWFORD, Rick",AR,1,6,1,6,6,6,6,0,0,0
21108,MH11421108,"WOMACK, Steve",AR,1,6,1,6,6,6,6,0,0,0
21109,MH11421109,"DENHAM, Jeff",CA,1,6,1,6,6,6,6,0,0,0
21110,MH11421110,"BASS, Karen",CA,6,1,6,1,1,1,1,0,0,0
21111,MH11421111,"TIPTON, Scott",CO,1,6,1,6,6,6,6,0,0,0
21112,MS11421112,"GARDNER, Cory",CO,0,0,0,0,0,0,0,1,6,1
21113,MH11421113,"CARNEY, John C., Jr.",DE,6,1,0,0,0,0,0,0,0,0
21115,MH11421115,"NUGENT, Richard",FL,6,6,0,0,0,0,0,0,0,0
21116,MH11421116,"WEBSTER, Daniel A.",FL,6,6,1,6,6,6,6,0,0,0
21117,MH11421117,"ROSS, Dennis",FL,1,6,1,6,6,6,6,0,0,0
21118,MH11421118,"WILSON, Frederica",FL,6,1,6,1,1,1,1,0,0,0
29312,MH11429312,"ESHOO, Anna Georges",CA,6,1,6,1,1,1,1,0,0,0
29313,MH11429313,"FARR, Sam",CA,1,9,0,0,0,0,0,0,0,0
21122,MH11421122,"WOODALL, Rob",GA,1,6,1,6,6,6,6,0,0,0
21123,MH11421123,"SCOTT, Austin",GA,1,6,1,6,6,6,6,0,0,0
29316,MH11429316,"BECERRA, Xavier",CA,6,1,0,0,0,0,0,0,0,0
21125,MH11421125,"LABRADOR, Raúl R.",ID,6,6,1,6,6,6,6,0,0,0
21128,MH11421128,"KINZINGER, Adam",IL,1,6,1,6,1,6,6,0,0,0
29321,MH11429321,"ROYCE, Edward Randall",CA,1,6,1,6,6,6,6,0,0,0
29323,MH11429323,"CALVERT, Ken",CA,1,6,1,6,6,6,6,0,0,0
21132,MH11421132,"BUCSHON, Larry",IN,1,6,1,6,6,6,6,0,0,0
21133,MH11421133,"YOUNG, Todd",IN,1,6,0,0,0,0,0,0,0,0
21134,MH11421134,"HUELSKAMP, Tim",KS,1,6,0,0,0,0,0,0,0,0
21135,MH11421135,"YODER, Kevin",KS,1,6,1,6,6,6,6,0,0,0
29328,MH11429328,"BROWN, Corrine",FL,6,1,0,0,0,0,0,0,0,0
21137,MH11421137,"RICHMOND, Cedric",LA,6,1,9,6,6,1,1,0,0,0
21139,MH11421139,"HARRIS, Andy",MD,6,6,1,6,6,6,6,0,0,0
21140,MH11421140,"KEATING, William R.",MA,6,1,6,1,1,1,1,0,0,0
21141,MH11421141,"BENISHEK, Dan",MI,1,6,0,0,0,0,0,0,0,0
21142,MH11421142,"HUIZENGA, Bill",MI,1,6,1,6,6,6,6,0,0,0
21143,MH11421143,"AMASH, Justin",MI,6,6,6,1,6,6,6,0,0,0
29337,MH11429337,"HASTINGS, Alcee Lamar",FL,6,1,6,1,1,1,1,0,0,0
29339,MH11429339,"BISHOP, Sanford Dixon, Jr.",GA,6,1,6,1,6,1,1,0,0,0
21148,MH11421148,"PALAZZO, Steven",MS,1,6,1,6,6,6,6,0,0,0
21149,MH11421149,"HARTZLER, Vicky",MO,1,6,1,6,1,6,6,0,0,0
21150,MH11421150,"LONG, Billy",MO,1,6,1,6,6,6,6,0,0,0
21151,MH11421151,"HECK, Joe",NV,1,6,0,0,0,0,0,0,0,0
29345,MS11429345,"CRAPO, Michael Dean",ID,0,0,0,0,0,0,0,1,6,1
29346,MH11429346,"RUSH, Bobby L.",IL,6,1,9,1,1,1,1,0,0,0
15011,MS11415011,"BOXER, Barbara",CA,0,0,0,0,0,0,0,6,1,6
21156,MH11421156,"GIBSON, Christopher",NY,6,1,0,0,0,0,0,0,0,0
21157,MH11421157,"HANNA, Richard",NY,1,1,0,0,0,0,0,0,0,0
21159,MH11421159,"ELLMERS, Renee",NC,1,6,0,0,0,0,0,0,0,0
21162,MH11421162,"JOHNSON, Bill",OH,1,6,1,6,6,6,6,0,0,0
15019,MH11415019,"COOPER, James Hayes Shofner",TN,1,1,6,1,1,1,1,0,0,0
21164,MH11421164,"RENACCI, Jim",OH,1,6,1,6,6,6,6,0,0,0
21165,MH11421165,"GIBBS, Bob",OH,1,6,1,6,6,6,6,0,0,0
21166,MS11421166,"LANKFORD, James",OK,0,0,0,0,0,0,0,1,6,1
21167,MH11421167,"KELLY, Mike",PA,1,6,1,6,6,6,6,0,0,0
21168,MH11421168,"MEEHAN, Patrick",PA,1,1,1,6,1,1,6,0,0,0
21170,MH11421170,"MARINO, Thomas A.",PA,1,6,1,6,6,6,6,0,0,0
21171,MH11421171,"BARLETTA, Lou",PA,1,9,9,6,6,6,6,0,0,0
21172,MH11421172,"CICILLINE, David N.",RI,6,1,6,1,1,1,1,0,0,0
15029,MH11415029,"KAPTUR, Marcia Carolyn (Marcy)",OH,6,1,6,1,1,1,1,0,0,0
21174,MH11421174,"DUNCAN, Jeff",SC,6,6,1,6,6,6,6,0,0,0
21175,MH11421175,"GOWDY, Trey",SC,1,6,1,6,6,6,6,0,0,0
21176,MH11421176,"MULVANEY, Mick",SC,6,6,0,0,0,0,0,0,0,0
15033,MH11415033,"LEVIN, Sander Martin",MI,6,1,6,1,1,1,1,0,0,0
21178,MH11421178,"FLEISCHMANN, Chuck",TN,1,6,1,6,6,1,6,0,0,0
21179,MH11421179,"DESJARLAIS, Scott",TN,1,6,1,6,6,6,6,0,0,0
21180,MH11421180,"BLACK, Diane",TN,1,6,1,6,6,6,6,0,0,0
21181,MH11421181,"FINCHER, Stephen Lee",TN,1,9,0,0,0,0,0,0,0,0
21182,MH11421182,"FLORES, Bill",TX,1,6,1,6,1,6,6,0,0,0
29375,MH11429375,"KING, Peter T.",NY,1,6,1,6,1,1,6,0,0,0
21184,MH11421184,"FARENTHOLD, Blake",TX,6,6,1,6,1,6,6,0,0,0
29377,MH11429377,"NADLER, Jerrold Lewis",NY,6,1,6,1,1,1,1,0,0,0
21186,MH11421186,"HURT, Robert",VA,1,6,0,0,0,0,0,0,0,0
29379,MH11429379,"MALONEY, Carolyn Bosher",NY,6,1,6,1,1,1,1,0,0,0
21188,MH11421188,"McKINLEY, David",WV,6,6,1,6,1,6,6,0,0,0
21189,MH11421189,"DUFFY, Sean",WI,1,6,1,6,6,6,6,0,0,0
21190,MH11421190,"RIBBLE, Reid",WI,1,6,0,0,0,0,0,0,0,0
21191,MH11421191,"GRIFFITH, H. Morgan",VA,6,6,6,6,6,6,6,0,0,0
21192,MH11421192,"ROBY, Martha",AL,1,6,1,6,6,6,6,0,0,0
21193,MH11421193,"BROOKS, Mo",AL,6,6,1,1,6,6,6,0,0,0
29386,MS11429386,"PORTMAN, Robert Jones (Rob)",OH,0,0,0,0,0,0,0,1,1,1
21195,MH11421195,"HAHN, Janice",CA,6,1,0,0,0,0,0,0,0,0
21196,MH11421196,"AMODEI, Mark E.",NV,1,6,1,6,6,6,6,0,0,0
29389,MS11429389,"BROWN, Sherrod",OH,0,0,0,0,0,0,0,6,1,6
21198,MH11421198,"BONAMICI, Suzanne",OR,1,1,6,1,1,1,1,0,0,0
29393,MH11429393,"LUCAS, Frank D.",OK,1,6,1,6,6,6,6,0,0,0
13035,MH11413035,"RANGEL, Charles B.",NY,6,1,0,0,0,0,0,0,0,0
15085,MH11415085,"BARTON, Joe Linus",TX,1,6,1,6,6,6,6,0,0,0
20949,MH11420949,"CHAFFETZ, Jason",UT,1,6,1,0,0,0,0,0,0,0
29142,MS11429142,"REED, John F. (Jack)",RI,0,0,0,0,0,0,0,6,1,6
15124,MH11415124,"VISCLOSKY, Peter",IN,6,1,6,1,1,1,1,0,0,0
10713,MH11410713,"CONYERS, John, Jr.",MI,6,1,6,1,1,1,1,0,0,0
29147,MS11429147,"SANDERS, Bernard",VT,0,0,0,0,0,0,0,6,1,6
21300,MH11421300,"SINEMA, Kyrsten",AZ,6,1,9,1,1,1,1,0,0,0
21301,MS11421301,"COTTON, Tom",AR,0,0,0,0,0,0,0,1,6,1
21302,MH11421302,"LaMALFA, Doug",CA,1,6,1,6,6,6,6,0,0,0
21303,MH11421303,"HUFFMAN, Jared",CA,6,1,6,1,1,1,1,0,0,0
21304,MH11421304,"BERA, Ami",CA,1,1,6,1,1,1,1,0,0,0
21305,MH11421305,"COOK, Paul",CA,6,6,1,6,6,1,6,0,0,0
21306,MH11421306,"SWALWELL, Eric",CA,6,1,6,1,1,1,1,0,0,0
21307,MH11421307,"VALADAO, David G.",CA,1,6,1,6,6,6,6,0,0,0
21308,MH11421308,"BROWNLEY, Julia",CA,6,1,6,1,1,1,1,0,0,0
21309,MH11421309,"CÁRDENAS, Tony",CA,6,1,6,1,1,1,1,0,0,0
21311,MH11421311,"RUIZ, Raul",CA,6,1,6,1,1,1,1,0,0,0
29504,MH11429504,"LOFGREN, Zoe",CA,6,1,6,1,1,1,1,0,0,0
21313,MH11421313,"LOWENTHAL, Alan",CA,6,1,6,1,1,1,1,0,0,0
21314,MH11421314,"VARGAS, Juan",CA,6,1,6,1,1,1,1,0,0,0
21315,MH11421315,"PETERS, Scott",CA,1,1,6,1,1,1,1,0,0,0
21316,MH11421316,"ESTY, Elizabeth",CT,6,1,6,1,1,1,1,0,0,0
21317,MH11421317,"YOHO, Ted",FL,1,6,1,6,6,6,6,0,0,0
21318,MH11421318,"DeSANTIS, Ron",FL,1,6,1,6,6,6,6,0,0,0
21319,MH11421319,"MURPHY, Patrick",FL,6,1,0,0,0,0,0,0,0,0
21321,MH11421321,"FRANKEL, Lois",FL,6,1,6,1,1,1,1,0,0,0
21323,MH11421323,"COLLINS, Doug",GA,6,6,1,6,1,6,6,0,0,0
21324,MH11421324,"GABBARD, Tulsi",HI,6,1,6,1,1,1,1,0,0,0
21325,MH11421325,"DUCKWORTH, Tammy",IL,6,1,0,0,0,0,0,0,0,0
21326,MH11521326,"SCHNEIDER, Brad",IL,0,0,6,1,1,1,1,0,0,0
41101,MS11441101,"BLUMENTHAL, Richard",CT,0,0,0,0,0,0,0,6,1,6
21328,MH11421328,"DAVIS, Rodney",IL,9,6,1,6,6,1,6,0,0,0
21329,MH11421329,"BUSTOS, Cheri",IL,6,1,6,1,1,1,1,0,0,0
21330,MH11421330,"WALORSKI, Jackie",IN,1,6,1,6,1,6,6,0,0,0
21331,MH11421331,"BROOKS, Susan",IN,1,6,1,6,1,6,6,0,0,0
21332,MH11421332,"MESSER, Luke",IN,1,6,1,6,6,6,6,0,0,0
21333,MH11421333,"BARR, Garland H. (Andy) IV",KY,1,6,1,6,6,6,6,0,0,0
21334,MH11421334,"DELANEY, John",MD,1,1,6,1,1,1,1,0,0,0
21335,MH11421335,"KENNEDY, Joseph P. III",MA,6,1,6,1,1,1,1,0,0,0
21337,MH11421337,"WAGNER, Ann",MO,1,6,1,6,1,6,6,0,0,0
21338,MS11421338,"DAINES, Steve",MT,0,0,0,0,0,0,0,1,6,1
21340,MH11421340,"KUSTER, Ann McLane",NH,6,1,6,1,1,1,1,0,0,0
21341,MH11421341,"LUJAN GRISHAM, Michelle",NM,6,1,6,1,1,1,1,0,0,0
21342,MH11421342,"MENG, Grace",NY,6,1,6,1,1,1,1,0,0,0
21343,MH11421343,"JEFFRIES, Hakeem",NY,6,1,6,9,9,1,1,0,0,0
21344,MH11421344,"MALONEY, Sean Patrick",NY,6,1,9,1,6,1,1,0,0,0
21345,MH11421345,"COLLINS, Chris",NY,6,6,1,6,6,6,6,0,0,0
21346,MH11421346,"HUDSON, Richard",NC,1,6,1,6,6,6,6,0,0,0
21347,MH11421347,"PITTENGER, Robert",NC,1,6,1,6,6,6,6,0,0,0
21348,MH11421348,"MEADOWS, Mark",NC,6,6,1,6,6,6,6,0,0,0
21349,MH11421349,"HOLDING, George E.B.",NC,1,6,1,6,6,6,6,0,0,0
21350,MH11421350,"CRAMER, Kevin",ND,1,6,1,6,6,6,6,0,0,0
21351,MH11421351,"WENSTRUP, Brad",OH,1,6,1,6,6,6,6,0,0,0
21352,MH11421352,"BEATTY, Joyce",OH,6,1,6,6,1,1,1,0,0,0
21353,MH11421353,"JOYCE, David",OH,6,1,1,6,6,6,6,0,0,0
29546,MH11429546,"JONES, Walter Beaman, Jr.",NC,6,6,6,6,6,1,1,0,0,0
21355,MH11421355,"MULLIN, Markwayne",OK,1,6,1,6,6,6,6,0,0,0
21356,MH11421356,"PERRY, Scott",PA,6,6,1,6,6,6,6,0,0,0
21357,MH11421357,"ROTHFUS, Keith",PA,6,6,1,6,6,6,6,0,0,0
29550,MH11429550,"CHABOT, Steve",OH,1,6,1,6,6,6,6,0,0,0
21359,MH11421359,"RICE, Tom",SC,1,6,1,1,1,6,6,0,0,0
21360,MH11421360,"WEBER, Randy",TX,1,6,1,6,1,6,6,0,0,0
21361,MH11421361,"O'ROURKE, Beto",TX,1,1,6,1,1,1,1,0,0,0
21362,MH11421362,"CASTRO, Joaquin",TX,6,1,6,1,1,1,1,0,0,0
41107,MS11441107,"HOEVEN, John",ND,0,0,0,0,0,0,0,1,6,1
21364,MH11421364,"WILLIAMS, Roger",TX,1,6,1,6,6,6,6,0,0,0
21365,MH11421365,"VEASEY, Marc",TX,6,1,6,6,1,1,1,0,0,0
21366,MH11421366,"VELA, Filemon",TX,6,1,6,1,1,1,1,0,0,0
29559,MH11429559,"FATTAH, Chaka",PA,6,1,0,0,0,0,0,0,0,0
21368,MH11421368,"KILMER, Derek",WA,1,1,6,1,1,1,1,0,0,0
21369,MH11421369,"HECK, Denny",WA,6,1,6,1,1,1,1,0,0,0
21370,MH11421370,"POCAN, Mark",WI,6,1,6,1,1,1,1,0,0,0
21371,MH11421371,"KELLY, Robin L.",IL,6,1,6,1,1,1,1,0,0,0
21372,MH11421372,"KILDEE, Dan",MI,6,1,6,1,1,1,1,0,0,0
29565,MH11429565,"SANFORD, Mark",SC,1,6,6,1,6,6,6,0,0,0
29566,MS11429566,"GRAHAM, Lindsey O.",SC,0,0,0,0,0,0,0,1,6,9
21375,MH11421375,"CLARK, Katherine M.",MA,6,1,9,1,1,1,1,0,0,0
21376,MH11421376,"BYRNE, Bradley",AL,9,6,1,6,6,6,6,0,0,0
21377,MH11421377,"CLAWSON, Curt",FL,6,6,0,0,0,0,0,0,0,0
29571,MH11429571,"DOGGETT, Lloyd Alton, II",TX,6,1,6,1,1,1,1,0,0,0
29572,MH11429572,"THORNBERRY, William McClellan (Mac)",TX,1,6,1,6,6,6,6,0,0,0
29573,MH11429573,"JACKSON LEE, Sheila",TX,6,1,6,1,1,1,1,0,0,0
29587,MH11429587,"CUMMINGS, Elijah Eugene",MD,6,1,6,9,9,9,9,0,0,0
29588,MH11429588,"BLUMENAUER, Earl",OR,1,1,6,1,1,1,1,0,0,0
21401,MH11421401,"JOLLY, David W.",FL,9,1,0,0,0,0,0,0,0,0
21718,MH11521718,"FITZPATRICK, Brian K.",PA,0,0,1,1,1,1,6,0,0,0
21719,MH11521719,"GAETZ, Matthew L. II",FL,0,0,1,6,6,6,6,0,0,0
21500,MH11421500,"PALMER, Gary James",AL,6,6,1,6,6,9,6,0,0,0
21501,MH11421501,"McSALLY, Martha",AZ,1,6,1,6,1,6,6,0,0,0
21502,MH11421502,"GALLEGO, Ruben",AZ,6,1,6,1,1,1,1,0,0,0
21503,MH11421503,"HILL, French",AR,1,6,1,6,6,6,6,0,0,0
21504,MH11421504,"DESAULNIER, Mark James",CA,6,1,6,1,1,1,1,0,0,0
21505,MH11421505,"KNIGHT, Steve",CA,1,6,1,6,6,6,6,0,0,0
21506,MH11421506,"AGUILAR, Peter Rey",CA,6,1,6,1,1,1,1,0,0,0
21507,MH11421507,"LIEU, Ted",CA,6,9,6,1,1,1,1,0,0,0
21508,MH11421508,"TORRES, Norma Judith",CA,6,1,6,1,9,1,1,0,0,0
29701,MH11429701,"ADERHOLT, Robert",AL,6,6,1,6,6,6,6,0,0,0
21510,MH11421510,"BUCK, Kenneth Robert",CO,6,6,1,6,6,6,6,0,0,0
21511,MH11421511,"GRAHAM, Gwendolyn (Gwen)",FL,6,1,0,0,0,0,0,0,0,0
21512,MH11421512,"CURBELO, Carlos",FL,1,6,6,6,1,1,6,0,0,0
21513,MH11421513,"CARTER, Buddy",GA,1,6,1,6,6,6,6,0,0,0
21514,MH11421514,"HICE, Jody Brownlow",GA,1,6,1,6,6,6,6,0,0,0
21515,MH11421515,"LOUDERMILK, Barry D.",GA,1,6,1,6,6,6,6,0,0,0
21516,MH11421516,"ALLEN, Rick W.",GA,1,6,1,6,6,6,6,0,0,0
29709,MH11429709,"SANCHEZ, Loretta",CA,6,1,0,0,0,0,0,0,0,0
29710,MH11429710,"DeGETTE, Diana",CO,6,1,6,1,1,1,1,0,0,0
21519,MH11421519,"BOST, Mike",IL,1,1,1,6,6,6,6,0,0,0
21520,MH11421520,"BLUM, Rod",IA,1,6,1,1,6,6,6,0,0,0
21521,MH11421521,"YOUNG, David",IA,1,6,1,1,1,1,6,0,0,0
21522,MH11421522,"ABRAHAM, Ralph",LA,1,6,1,6,1,6,6,0,0,0
21523,MH11421523,"GRAVES, Garret",LA,1,6,1,6,1,6,6,0,0,0
21524,MH11421524,"POLIQUIN, Bruce Lee",ME,6,6,1,1,6,6,6,0,0,0
29717,MH11429717,"DAVIS, Danny K.",IL,6,1,6,1,1,1,1,0,0,0
21526,MH11421526,"MOOLENAAR, John",MI,1,6,1,6,6,6,6,0,0,0
21527,MH11421527,"BISHOP, Michael Dean",MI,1,6,1,6,6,6,6,0,0,0
21528,MH11421528,"TROTT, David A.",MI,1,6,1,6,1,6,6,0,0,0
21529,MH11421529,"DINGELL, Debbie",MI,6,1,6,1,1,1,1,0,0,0
21530,MH11421530,"LAWRENCE, Brenda L",MI,6,1,6,1,1,1,1,0,0,0
21531,MH11421531,"EMMER, Thomas Earl II",MN,1,6,1,6,6,6,6,0,0,0
21532,MH11421532,"ZINKE, Ryan",MT,1,6,0,0,0,0,0,0,0,0
21533,MH11421533,"ASHFORD, John Bradley",NE,1,1,0,0,0,0,0,0,0,0
21534,MH11421534,"HARDY, Cresent Leo",NV,1,9,0,0,0,0,0,0,0,0
21535,MH11421535,"GUINTA, Frank",NH,1,6,0,0,0,0,0,0,0,0
21536,MH11421536,"NORCROSS, Donald",NJ,6,1,6,1,1,1,1,0,0,0
21537,MH11421537,"MacARTHUR, Thomas Charles",NJ,6,6,1,6,1,6,6,0,0,0
21538,MH11421538,"WATSON COLEMAN, Bonnie",NJ,6,1,6,1,1,1,1,0,0,0
21539,MH11421539,"ZELDIN, Lee M",NY,6,6,1,6,6,1,6,0,0,0
21540,MH11421540,"RICE, Kathleen Maura",NY,1,1,6,1,1,1,1,0,0,0
21541,MH11421541,"STEFANIK, Elise M",NY,1,6,1,1,6,1,6,0,0,0
21542,MH11421542,"KATKO, John",NY,6,1,1,1,1,1,6,0,0,0
21543,MH11421543,"WALKER, Bradley Mark",NC,1,6,1,6,1,6,6,0,0,0
21544,MH11421544,"ROUZER, David",NC,1,6,1,6,6,6,6,0,0,0
21545,MH11421545,"ADAMS, Alma",NC,6,1,6,1,1,1,1,0,0,0
21546,MH11421546,"RUSSELL, Steve",OK,6,6,6,6,6,6,6,0,0,0
21547,MH11421547,"COSTELLO, Ryan",PA,1,1,1,9,9,1,6,0,0,0
21548,MH11421548,"BOYLE, Brendan Francis",PA,6,1,6,1,1,1,1,0,0,0
29741,MH11429741,"PASCRELL, William J., Jr.",NJ,6,1,6,1,1,1,1,0,0,0
21550,MH11421550,"HURD, William Ballard",TX,1,6,1,6,1,6,6,0,0,0
21551,MH11421551,"BABIN, Brian",TX,1,6,1,6,6,6,6,0,0,0
21552,MH11421552,"LOVE, Ludmya Bourdeau (Mia)",UT,1,6,1,6,6,6,6,0,0,0
21553,MH11421553,"BRAT, David A.",VA,6,6,1,6,6,6,6,0,0,0
21554,MH11421554,"BEYER, Donald Sternoff Jr.",VA,1,1,6,1,1,1,1,0,0,0
21555,MH11421555,"COMSTOCK, Barbara J.",VA,1,6,1,6,6,1,6,0,0,0
21556,MH11421556,"NEWHOUSE, Daniel Milton",WA,1,6,1,6,6,6,6,0,0,0
21557,MH11421557,"MOONEY, Alex X.",WV,6,6,1,6,1,6,6,0,0,0
21558,MH11421558,"JENKINS, Evan H.",WV,6,6,1,6,1,6,6,0,0,0
21559,MH11421559,"GROTHMAN, Glenn",WI,1,6,1,6,6,6,6,0,0,0
21560,MH11421560,"DONOVAN, Daniel M., Jr.",NY,6,1,1,6,1,1,6,0,0,0
21561,MH11421561,"KELLY, Trent",MS,9,6,1,6,6,6,6,0,0,0
21562,MH11421562,"LaHOOD, Darin",IL,0,6,1,6,6,6,6,0,0,0
21563,MH11421563,"WESTERMAN, Bruce Eugene",AR,1,6,1,6,6,6,6,0,0,0
21564,MH11421564,"DAVIDSON, Warren",OH,0,6,1,6,6,6,6,0,0,0
21565,MH11521565,"COMER, James",KY,0,0,1,6,6,6,6,0,0,0
21566,MH11521566,"EVANS, Dwight",PA,0,0,6,1,1,1,1,0,0,0
29759,MH11429759,"SESSIONS, Pete",TX,1,6,1,6,6,6,6,0,0,0
29760,MH11429760,"BRADY, Kevin Patrick",TX,1,6,1,6,6,6,6,0,0,0
29762,MH11429762,"GRANGER, Kay",TX,1,6,1,6,1,6,6,0,0,0
29763,MH11429763,"HINOJOSA, Rubén",TX,1,9,0,0,0,0,0,0,0,0
15431,MH11415431,"LEWIS, John R.",GA,6,1,6,1,1,1,1,0,0,0
29768,MH11429768,"SMITH, Adam",WA,6,1,6,1,1,1,1,0,0,0
29769,MH11429769,"KIND, Ron",WI,1,1,6,1,6,1,1,0,0,0
29774,MH11429774,"CAPPS, Lois",CA,6,1,0,0,0,0,0,0,0,0
29776,MH11429776,"MEEKS, Gregory W.",NY,1,1,6,1,1,1,1,0,0,0
29777,MH11429777,"BRADY, Robert A.",PA,6,1,6,1,1,1,1,0,0,0
29778,MH11429778,"LEE, Barbara",CA,6,1,6,1,1,1,1,0,0,0
29539,MH11429539,"LoBIONDO, Frank A.",NJ,6,1,1,1,1,1,6,0,0,0
15444,MH11415444,"SLAUGHTER, Louise McIntosh",NY,6,1,6,1,1,1,1,0,0,0
15445,MH11415445,"SMITH, Lamar Seeligson",TX,1,6,1,6,1,6,6,0,0,0
15446,MH11415446,"UPTON, Frederick Stephen",MI,1,6,1,1,1,6,6,0,0,0
15448,MH11415448,"PELOSI, Nancy",CA,6,1,6,1,1,1,1,0,0,0
15454,MH11415454,"PALLONE, Frank, Jr.",NJ,6,1,6,1,1,1,1,0,0,0
15455,MH11415455,"DUNCAN, John J., Jr.",TN,6,6,6,6,6,6,6,0,0,0
21354,MH11421354,"BRIDENSTINE, Jim",OK,6,6,1,6,6,6,6,0,0,0
29548,MS11429548,"BURR, Richard M.",NC,0,0,0,0,0,0,0,1,6,1
21358,MH11421358,"CARTWRIGHT, Matt",PA,6,1,6,1,1,1,1,0,0,0
29500,MH11429500,"SALMON, Matthew James",AZ,1,6,0,0,0,0,0,0,0,0
21312,MH11421312,"TAKANO, Mark",CA,6,1,6,1,1,1,1,0,0,0
21707,MH11521707,"BROWN, Anthony Gregory",MD,0,0,6,1,1,1,1,0,0,0
21700,MH11521700,"ARRINGTON, Jodey Cook",TX,0,0,1,6,6,6,6,0,0,0
21701,MH11521701,"BACON, Donald J.",NE,0,0,1,1,6,6,6,0,0,0
21702,MH11521702,"BANKS, James E.",IN,0,0,1,6,6,6,6,0,0,0
21703,MH11521703,"BARRAGÁN, Nanette Diaz",CA,0,0,6,1,1,1,1,0,0,0
21704,MH11521704,"BERGMAN, John",MI,0,0,1,6,6,6,6,0,0,0
21705,MH11521705,"BIGGS, Andrew S.",AZ,0,0,1,6,6,6,6,0,0,0
21706,MH11521706,"BLUNT ROCHESTER, Lisa",DE,0,0,6,1,1,1,1,0,0,0
21367,MH11421367,"STEWART, Chris",UT,1,6,1,6,6,6,6,0,0,0
21708,MH11521708,"BUDD, Theodore Paul",NC,0,0,1,6,6,6,6,0,0,0
29901,MH11429901,"THOMPSON, Michael",CA,6,1,6,1,1,1,1,0,0,0
21710,MH11521710,"CHENEY, Liz",WY,0,0,1,6,6,6,6,0,0,0
29903,MH11429903,"NAPOLITANO, Grace Flores",CA,6,1,6,9,9,9,9,0,0,0
21712,MH11521712,"CRIST, Charlie Joseph Jr.",FL,0,0,6,1,1,1,1,0,0,0
21713,MH11521713,"DEMINGS, Valdez Butler",FL,0,0,6,1,1,1,1,0,0,0
21714,MH11521714,"DUNN, Neal Patrick",FL,0,0,1,6,6,6,6,0,0,0
21715,MH11521715,"ESPAILLAT, Adriano J.",NY,0,0,6,1,1,1,1,0,0,0
29908,MH11429908,"LARSON, John B.",CT,6,1,6,1,1,1,1,0,0,0
21717,MH11521717,"FERGUSON, Anderson Drew IV",GA,0,0,1,6,6,6,6,0,0,0
29910,MH11429910,"SIMPSON, Michael K.",ID,1,6,1,6,1,1,6,0,0,0
29561,MH11429561,"DOYLE, Michael F.",PA,6,1,6,1,1,1,1,0,0,0
21720,MH11521720,"GALLAGHER, Michael",WI,0,0,1,6,6,6,6,0,0,0
21721,MH11521721,"GARRETT, Thomas Alexander Jr.",VA,0,0,1,6,6,6,6,0,0,0
21722,MH11521722,"GONZALEZ, Vicente Jr.",TX,0,0,6,6,1,1,1,0,0,0
21711,MH11521711,"CORREA, Jose Luis",CA,0,0,6,6,1,1,1,0,0,0
21724,MH11521724,"HIGGINS, Clay",LA,0,0,1,6,1,6,6,0,0,0
21725,MH11521725,"HOLLINGSWORTH, Joseph Albert III",IN,0,0,1,9,9,9,9,0,0,0
21726,MH11521726,"JAYAPAL, Pramila",WA,0,0,6,1,1,1,1,0,0,0
29919,MH11429919,"CAPUANO, Michael Everett",MA,6,1,6,1,1,1,1,0,0,0
21728,MH11521728,"KHANNA, Rohit",CA,0,0,6,1,1,1,1,0,0,0
21729,MH11521729,"KIHUEN, Ruben Jesus",NV,0,0,6,1,1,1,1,0,0,0
21730,MH11521730,"KRISHNAMOORTHI, S. Raja",IL,0,0,6,1,1,1,1,0,0,0
21731,MH11521731,"KUSTOFF, David",TN,0,0,1,6,6,6,6,0,0,0
21732,MH11521732,"LAWSON, Alfred Jr.",FL,0,0,6,1,1,1,1,0,0,0
29925,MH11429925,"CROWLEY, Joseph",NY,6,1,6,1,1,1,1,0,0,0
21734,MH11521734,"MARSHALL, Roger Wayne",KS,0,0,1,6,6,6,6,0,0,0
21735,MH11521735,"MAST, Brian Jeffery",FL,0,0,1,1,6,1,6,0,0,0
21736,MH11521736,"MCEACHIN, Aston Donald",VA,0,0,6,1,1,1,1,0,0,0
21737,MH11521737,"MITCHELL, Paul",MI,0,0,1,6,6,6,6,0,0,0
21738,MH11521738,"MURPHY, Stephanie",FL,0,0,6,1,1,1,1,0,0,0
21739,MH11521739,"O'HALLERAN, Thomas C.",AZ,0,0,6,1,1,1,1,0,0,0
29932,MH11429932,"WALDEN, Greg",OR,1,6,1,6,6,6,6,0,0,0
21741,MH11521741,"RASKIN, Jamie Ben",MD,0,0,6,1,1,1,1,0,0,0
21742,MH11521742,"ROONEY, Francis",FL,0,0,1,6,6,6,6,0,0,0
21373,MH11421373,"SMITH, Jason",MO,1,6,1,6,6,6,6,0,0,0
21744,MH11521744,"RUTHERFORD, John Henry",FL,0,0,1,6,6,6,6,0,0,0
21745,MH11521745,"SMUCKER, Lloyd K.",PA,0,0,1,6,6,6,6,0,0,0
21746,MH11521746,"SOTO, Darren Michael",FL,0,0,6,1,1,1,1,0,0,0
15603,MH11415603,"ENGEL, Eliot Lance",NY,6,1,6,1,1,6,1,0,0,0
21748,MH11521748,"TAYLOR, Scott William",VA,0,0,1,6,6,6,6,0,0,0
21749,MH11521749,"TENNEY, Claudia",NY,0,0,1,6,1,1,6,0,0,0
21750,MH11521750,"ESTES, Ron",KS,0,0,0,6,6,6,6,0,0,0
21751,MH11521751,"GIANFORTE, Greg",MT,0,0,0,6,6,6,6,0,0,0
21752,MH11521752,"HANDEL, Karen",GA,0,0,0,6,6,6,6,0,0,0
21716,MH11521716,"FASO, John J.",NY,0,0,1,1,1,1,6,0,0,0
21754,MH11521754,"GOMEZ, Jimmy",CA,0,0,0,1,1,1,1,0,0,0
15612,MH11415612,"LOWEY, Nita M.",NY,6,1,6,1,1,1,1,0,0,0
15613,MH11415613,"McDERMOTT, James A.",WA,6,1,0,0,0,0,0,0,0,0
29909,MS11429909,"ISAKSON, Johnny",GA,0,0,0,0,0,0,0,1,6,1
15616,MH11415616,"NEAL, Richard Edmund",MA,6,1,6,1,1,1,1,0,0,0
15621,MH11415621,"ROHRABACHER, Dana",CA,6,6,1,6,6,6,6,0,0,0
29911,MH11429911,"SCHAKOWSKY, Janice D.",IL,6,1,6,1,1,1,1,0,0,0
15634,MH11415634,"ROS-LEHTINEN, Ileana",FL,1,1,6,6,1,1,6,0,0,0
21723,MH11521723,"GOTTHEIMER, Josh S.",NJ,0,0,6,1,6,1,1,0,0,0
29918,MS11429918,"VITTER, David",LA,0,0,0,0,0,0,0,1,6,1
21727,MH11521727,"JOHNSON, Mike",LA,0,0,1,6,1,6,6,0,0,0
29924,MS11429924,"UDALL, Thomas (Tom)",NM,0,0,0,0,0,0,0,6,1,6
21733,MH11521733,"LEWIS, Jason Mark",MN,0,0,1,6,6,6,6,0,0,0
40300,MS11440300,"MURKOWSKI, Lisa",AK,0,0,0,0,0,0,0,1,6,1
40304,MS11440304,"ALEXANDER, Lamar",TN,0,0,0,0,0,0,0,1,6,1
40305,MS11440305,"CORNYN, John",TX,0,0,0,0,0,0,0,1,6,1
21740,MH11521740,"PANETTA, James Varni",CA,0,0,6,1,1,1,1,0,0,0
21709,MH11521709,"CARBAJAL, Salud",CA,0,0,6,1,1,1,1,0,0,0
21743,MH11521743,"ROSEN, Jacklyn Sheryl",NV,0,0,6,1,1,1,1,0,0,0
29939,MH11429939,"RYAN, Paul D.",WI,1,0,0,0,0,0,0,0,0,0
29940,MS11429940,"BALDWIN, Tammy",WI,0,0,0,0,0,0,0,6,1,6
21753,MH11521753,"NORMAN, Ralph",SC,0,0,0,6,6,6,6,0,0,0
20100,MS11420100,"FLAKE, Jeff",AZ,0,0,0,0,0,0,0,1,6,1
20101,MS11420101,"BOOZMAN, John",AR,0,0,0,0,0,0,0,1,6,1
20103,MH11420103,"HONDA, Mike",CA,6,1,0,0,0,0,0,0,0,0
20104,MH11420104,"SCHIFF, Adam",CA,6,1,6,1,1,1,1,0,0,0
20107,MH11420107,"ISSA, Darrell",CA,1,6,1,6,6,6,6,0,0,0
20108,MH11420108,"DAVIS, Susan A.",CA,1,1,9,1,1,1,1,0,0,0
20110,MH11420110,"MILLER, Jefferson B. (Jeff)",FL,1,6,0,0,0,0,0,0,0,0
20111,MH11420111,"CRENSHAW, Ander",FL,1,6,0,0,0,0,0,0,0,0
20115,MS11420115,"KIRK, Mark Steven",IL,0,0,0,0,0,0,0,1,6,6
20119,MH11420119,"LYNCH, Stephen F.",MA,6,1,6,1,1,1,1,0,0,0
20122,MH11420122,"McCOLLUM, Betty",MN,6,1,6,1,1,1,1,0,0,0
20124,MH11420124,"GRAVES, Samuel",MO,1,6,1,6,6,6,6,0,0,0
20129,MH11420129,"ISRAEL, Steve",NY,6,1,0,0,0,0,0,0,0,0
20130,MH11420130,"TIBERI, Patrick (Pat)",OH,1,6,1,6,6,1,6,0,0,0
20134,MH11420134,"SHUSTER, William (Bill)",PA,1,6,1,6,6,1,6,0,0,0
20136,MH11420136,"LANGEVIN, James",RI,6,1,6,1,1,1,1,0,0,0
20138,MH11420138,"WILSON, Addison Graves (Joe)",SC,1,6,1,6,6,6,6,0,0,0
20139,MH11420139,"CULBERSON, John",TX,1,6,1,6,1,6,6,0,0,0
20143,MH11420143,"FORBES, J. Randy",VA,1,6,0,0,0,0,0,0,0,0
20145,MH11420145,"LARSEN, Richard Ray (Rick)",WA,1,1,6,1,1,1,1,0,0,0
20146,MS11420146,"CAPITO, Shelley Moore",WV,0,0,0,0,0,0,0,1,6,1
20147,MH11420147,"CLAY, William Lacy, Jr.",MO,6,9,6,1,1,1,1,0,0,0
14009,MS11414009,"COCHRAN, William Thad",MS,0,0,0,0,0,0,0,1,6,1
14066,MH11414066,"YOUNG, Donald Edwin",AK,9,6,1,6,6,6,6,0,0,0
40700,MS11440700,"KLOBUCHAR, Amy",MN,0,0,0,0,0,0,0,6,1,6
40701,MS11440701,"McCASKILL, Claire",MO,0,0,0,0,0,0,0,6,1,6
40702,MS11440702,"TESTER, Jon",MT,0,0,0,0,0,0,0,6,1,6
40703,MS11440703,"CASEY, Robert (Bob), Jr.",PA,0,0,0,0,0,0,0,6,1,6
40704,MS11440704,"WHITEHOUSE, Sheldon",RI,0,0,0,0,0,0,0,6,1,6
40705,MS11440705,"CORKER, Robert (Bob)",TN,0,0,0,0,0,0,0,1,6,1
40707,MS11440707,"BARRASSO, John A.",WY,0,0,0,0,0,0,0,1,6,1
21124,MH11521124,"HANABUSA, Colleen",HI,0,0,6,1,1,1,1,0,0,0
29317,MH11429317,"ROYBAL-ALLARD, Lucille",CA,6,1,6,1,1,1,1,0,0,0
21747,MH11521747,"SUOZZI, Thomas",NY,0,0,6,1,1,1,1,0,0,0
21129,MH11421129,"HULTGREN, Randy",IL,1,6,1,6,6,6,6,0,0,0
21131,MH11421131,"ROKITA, Todd",IN,1,6,1,6,6,6,6,0,0,0
20301,MH11420301,"ROGERS, Mike Dennis",AL,1,6,1,6,6,6,6,0,0,0
20304,MH11420304,"FRANKS, Trent",AZ,1,9,1,6,6,6,6,0,0,0
20305,MH11420305,"GRIJALVA, Raúl M.",AZ,6,1,6,1,1,1,1,0,0,0
20307,MH11420307,"NUNES, Devin",CA,1,6,1,6,6,6,6,0,0,0
20310,MH11420310,"SÁNCHEZ, Linda T.",CA,6,1,6,1,1,1,1,0,0,0
20316,MH11420316,"DIAZ-BALART, Mario",FL,1,6,6,6,1,6,6,0,0,0
21136,MH11421136,"POMPEO, Mike",KS,1,6,0,0,0,0,0,0,0,0
14651,MS11414651,"NELSON, Clarence William (Bill)",FL,0,0,0,0,0,0,0,6,1,6
20325,MH11420325,"KING, Steve",IA,1,6,1,1,6,6,6,0,0,0
20329,MH11420329,"RUPPERSBERGER, C. A. (Dutch)",MD,6,1,6,1,1,1,1,0,0,0
20330,MH11420330,"VAN HOLLEN, Christopher",MD,6,1,0,0,0,0,0,0,0,0
20331,MH11420331,"MILLER, Candice S.",MI,1,6,0,0,0,0,0,0,0,0
20333,MH11420333,"KLINE, John",MN,1,6,0,0,0,0,0,0,0,0
20336,MH11420336,"GARRETT, Scott",NJ,6,6,0,0,0,0,0,0,0,0
20337,MH11420337,"PEARCE, Stevan",NM,6,6,1,6,6,6,6,0,0,0
29331,MH11429331,"MICA, John L.",FL,1,6,0,0,0,0,0,0,0,0
20340,MH11420340,"BUTTERFIELD, George Kenneth, Jr. (G.K.)",NC,6,1,6,1,1,1,1,0,0,0
20342,MH11420342,"TURNER, Michael R.",OH,1,6,1,6,6,6,6,0,0,0
20343,MH11420343,"RYAN, Timothy J.",OH,6,1,6,1,1,9,1,0,0,0
20344,MH11420344,"COLE, Tom",OK,1,6,1,6,6,6,6,0,0,0
20346,MH11420346,"MURPHY, Timothy",PA,1,6,1,6,6,6,6,0,0,0
20351,MH11420351,"BLACKBURN, Marsha",TN,1,6,1,6,6,6,6,0,0,0
20352,MH11420352,"HENSARLING, Jeb",TX,1,6,1,6,6,6,6,0,0,0
20353,MH11420353,"NEUGEBAUER, Randy",TX,1,6,0,0,0,0,0,0,0,0
20355,MH11420355,"BURGESS, Michael C.",TX,6,6,1,6,6,6,6,0,0,0
20356,MH11420356,"CARTER, John R.",TX,1,6,1,6,1,6,6,0,0,0
20357,MH11420357,"BISHOP, Robert (Rob)",UT,1,6,1,6,6,6,6,0,0,0
14226,MS11414226,"GRASSLEY, Charles Ernest",IA,0,0,0,0,0,0,0,1,6,1
29525,MH11429525,"WHITFIELD, Wayne Edward (Ed)",KY,1,6,0,0,0,0,0,0,0,0
29935,MS11429935,"TOOMEY, Patrick Joseph",PA,0,0,0,0,0,0,0,1,6,1
14263,MH11414263,"NOLAN, Richard Michael",MN,6,1,6,1,1,1,1,0,0,0
40902,MS11440902,"RISCH, James",ID,0,0,0,0,0,0,0,1,6,1
40904,MS11440904,"FRANKEN, Al",MN,0,0,0,0,0,0,0,6,1,6
40906,MS11440906,"SHAHEEN, Jeanne",NH,0,0,0,0,0,0,0,6,1,6
40908,MS11440908,"MERKLEY, Jeff",OR,0,0,0,0,0,0,0,6,1,6
40909,MS11440909,"WARNER, Mark",VA,0,0,0,0,0,0,0,6,1,6
40910,MS11440910,"BENNET, Michael F.",CO,0,0,0,0,0,0,0,6,1,6
40915,MS11440915,"MANCHIN, Joe, III",WV,0,0,0,0,0,0,0,6,1,1
40916,MS11440916,"COONS, Christopher A.",DE,0,0,0,0,0,0,0,9,1,6
29348,MH11429348,"GUTIÉRREZ, Luis V.",IL,6,1,6,1,1,1,1,0,0,0
20321,MH11420321,"SCOTT, David",GA,6,1,6,1,1,1,1,0,0,0
14307,MS11414307,"LEAHY, Patrick Joseph",VT,0,0,0,0,0,0,0,6,1,6
15015,MS11415015,"CARPER, Thomas Richard",DE,0,0,0,0,0,0,0,6,1,6