id,icpsr,state_abbrev,district_code,cqlabel,name,party_code
MH11529346,29346,IL,1,(IL-01),"RUSH, Bobby L.",100
MH11421168,21168,PA,7,(PA-07),"MEEHAN, Patrick",200
MH11415019,15019,TN,5,(TN-05),"COOPER, James Hayes Shofner",100
MH11421165,21165,OH,7,(OH-07),"GIBBS, Bob",200
MH11421164,21164,OH,16,(OH-16),"RENACCI, Jim",200
MH11421167,21167,PA,3,(PA-03),"KELLY, Mike",200
MH11421163,21163,OH,15,(OH-15),"STIVERS, Steve",200
MH11421162,21162,OH,6,(OH-06),"JOHNSON, Bill",200
MH11420706,20706,CT,2,(CT-02),"COURTNEY, Joe",100
MH11521307,21307,CA,21,(CA-21),"VALADAO, David G.",200
MH11420704,20704,CO,5,(CO-05),"LAMBORN, Doug",200
MH11420705,20705,CO,7,(CO-07),"PERLMUTTER, Ed",100
MH11420702,20702,CA,9,(CA-09),"McNERNEY, Jerry",100
MH11420703,20703,CA,23,(CA-23),"MCCARTHY, Kevin",200
MH11521300,21300,AZ,9,(AZ-09),"SINEMA, Kyrsten",100
MH11521350,21350,ND,1,(ND-01),"CRAMER, Kevin",200
MH11415603,15603,NY,16,(NY-16),"ENGEL, Eliot Lance",100
MH11521751,21751,MT,1,(MT-01),"GIANFORTE, Greg",200
MH11420708,20708,FL,14,(FL-14),"CASTOR, Kathy",100
MH11420709,20709,FL,16,(FL-16),"BUCHANAN, Vernon G.",200
MH11420908,20908,FL,9,(FL-09),"GRAYSON, Alan",100
MH11420909,20909,FL,8,(FL-08),"POSEY, Bill",200
MH11421118,21118,FL,24,(FL-24),"WILSON, Frederica",100
MH11420902,20902,AZ,1,(AZ-01),"KIRKPATRICK, Ann",100
MH11420903,20903,CA,4,(CA-04),"McCLINTOCK, Tom",200
MH11420904,20904,CO,2,(CO-02),"POLIS, Jared",100
MH11420906,20906,CO,6,(CO-06),"COFFMAN, Mike",200
MH11420907,20907,CT,4,(CT-04),"HIMES, James A.",100
MH11529337,29337,FL,20,(FL-20),"HASTINGS, Alcee Lamar",100
MH11429550,29550,OH,1,(OH-01),"CHABOT, Steve",200
MH11521357,21357,PA,12,(PA-12),"ROTHFUS, Keith",200
MH11521315,21315,CA,52,(CA-52),"PETERS, Scott",100
MH11521356,21356,PA,4,(PA-04),"PERRY, Scott",200
MH11429559,29559,PA,2,(PA-02),"FATTAH, Chaka",100
MH11529339,29339,GA,2,(GA-02),"BISHOP, Sanford Dixon, Jr.",100
MS11440703,40703,PA,0,(PA),"CASEY, Robert (Bob), Jr.",100
MS11429389,29389,OH,0,(OH),"BROWN, Sherrod",100
MS11440702,40702,MT,0,(MT),"TESTER, Jon",100
MH11521150,21150,MO,7,(MO-07),"LONG, Billy",200
MS11414009,14009,MS,0,(MS),"COCHRAN, William Thad",200
MH11421543,21543,NC,6,(NC-06),"WALKER, Bradley Mark",200
MH11421542,21542,NY,24,(NY-24),"KATKO, John",200
MH11421541,21541,NY,21,(NY-21),"STEFANIK, Elise M",200
MH11421540,21540,NY,4,(NY-04),"RICE, Kathleen Maura",100
MH11421547,21547,PA,6,(PA-06),"COSTELLO, Ryan",200
MH11421546,21546,OK,5,(OK-05),"RUSSELL, Steve",200
MH11421545,21545,NC,12,(NC-12),"ADAMS, Alma",100
MH11421544,21544,NC,7,(NC-07),"ROUZER, David",200
MH11421549,21549,TX,4,(TX-04),"RATCLIFFE, John",200
MH11421548,21548,PA,13,(PA-13),"BOYLE, Brendan Francis",100
MS11449706,49706,WY,0,(WY),"ENZI, Michael B.",200
MH11415085,15085,TX,6,(TX-06),"BARTON, Joe Linus",200
MH11521306,21306,CA,15,(CA-15),"SWALWELL, Eric",100
MS11420707,20707,CT,0,(CT),"MURPHY, Christopher",100
MS11440906,40906,NH,0,(NH),"SHAHEEN, Jeanne",100
MH11521304,21304,CA,7,(CA-07),"BERA, Ami",100
MH11521305,21305,CA,8,(CA-08),"COOK, Paul",200
MH11521752,21752,GA,6,(GA-06),"HANDEL, Karen",200
MH11529587,29587,MD,7,(MD-07),"CUMMINGS, Elijah Eugene",100
MH11529588,29588,OR,3,(OR-03),"BLUMENAUER, Earl",100
MH11521302,21302,CA,1,(CA-01),"LaMALFA, Doug",200
MH11521303,21303,CA,2,(CA-02),"HUFFMAN, Jared",100
MH11529768,29768,WA,9,(WA-09),"SMITH, Adam",100
MH11529769,29769,WI,3,(WI-03),"KIND, Ron",100
MH11514873,14873,MD,5,(MD-05),"HOYER, Steny Hamilton",100
MH11529760,29760,TX,8,(TX-08),"BRADY, Kevin Patrick",200
MH11529762,29762,TX,12,(TX-12),"GRANGER, Kay",200
MH11514657,14657,WI,5,(WI-05),"SENSENBRENNER, Frank James, Jr.",200
MH11429127,29127,MN,7,(MN-07),"PETERSON, Collin Clark",100
MH11520712,20712,GA,4,(GA-04),"JOHNSON, Hank",100
MH11521316,21316,CT,5,(CT-05),"ESTY, Elizabeth",100
MH11520738,20738,OH,4,(OH-04),"JORDAN, Jim",200
MH11421334,21334,MD,6,(MD-06),"DELANEY, John",100
MH11421335,21335,MA,4,(MA-04),"KENNEDY, Joseph P. III",100
MH11421337,21337,MO,2,(MO-02),"WAGNER, Ann",200
MH11421330,21330,IN,2,(IN-02),"WALORSKI, Jackie",200
MH11421331,21331,IN,5,(IN-05),"BROOKS, Susan",200
MH11421332,21332,IN,6,(IN-06),"MESSER, Luke",200
MH11421333,21333,KY,6,(KY-06),"BARR, Garland H. (Andy) IV",200
MS11415039,15039,AZ,0,(AZ),"McCAIN, John Sidney, III",200
MS11429566,29566,SC,0,(SC),"GRAHAM, Lindsey O.",200
MS11415021,15021,IL,0,(IL),"DURBIN, Richard Joseph",100
MH11521308,21308,CA,26,(CA-26),"BROWNLEY, Julia",100
MH11521309,21309,CA,29,(CA-29),"CÁRDENAS, Tony",100
MH11420531,20531,TX,11,(TX-11),"CONAWAY, K. Michael",200
MH11420530,20530,TX,10,(TX-10),"McCAUL, Michael T.",200
MH11420533,20533,TX,28,(TX-28),"CUELLAR, Henry",100
MH11420532,20532,TX,24,(TX-24),"MARCHANT, Kenny",200
MH11420535,20535,WA,5,(WA-05),"McMORRIS RODGERS, Cathy",200
MH11420537,20537,WI,4,(WI-04),"MOORE, Gwendolynne S. (Gwen)",100
MH11420129,20129,NY,3,(NY-03),"ISRAEL, Steve",100
MH11521139,21139,MD,1,(MD-01),"HARRIS, Andy",200
MH11420538,20538,CA,6,(CA-06),"MATSUI, Doris",100
MH11420124,20124,MO,6,(MO-06),"GRAVES, Samuel",200
MH11420954,20954,IL,5,(IL-05),"QUIGLEY, Mike",100
MH11420122,20122,MN,4,(MN-04),"McCOLLUM, Betty",100
MH11521523,21523,LA,6,(LA-06),"GRAVES, Garret",200
MH11521520,21520,IA,1,(IA-01),"BLUM, Rod",200
MH11521521,21521,IA,3,(IA-03),"YOUNG, David",200
MH11521515,21515,GA,11,(GA-11),"LOUDERMILK, Barry D.",200
MH11521331,21331,IN,5,(IN-05),"BROOKS, Susan",200
MH11521330,21330,IN,2,(IN-02),"WALORSKI, Jackie",200
MH11520723,20723,KY,3,(KY-03),"YARMUTH, John",100
MS11414226,14226,IA,0,(IA),"GRASSLEY, Charles Ernest",200
MH11413035,13035,NY,13,(NY-13),"RANGEL, Charles B.",100
MH11520533,20533,TX,28,(TX-28),"CUELLAR, Henry",100
MH11521313,21313,CA,47,(CA-47),"LOWENTHAL, Alan",100
MS11420923,20923,MI,0,(MI),"PETERS, Gary C.",100
MH11520528,20528,TX,2,(TX-02),"POE, Ted",200
MH11515621,15621,CA,48,(CA-48),"ROHRABACHER, Dana",200
MH11521721,21721,VA,5,(VA-05),"GARRETT, Thomas Alexander Jr.",200
MH11520352,20352,TX,5,(TX-05),"HENSARLING, Jeb",200
MH11521739,21739,AZ,1,(AZ-01),"O'HALLERAN, Thomas C.",100
MH11520351,20351,TN,7,(TN-07),"BLACKBURN, Marsha",200
MH11520356,20356,TX,31,(TX-31),"CARTER, John R.",200
MH11520357,20357,UT,1,(UT-01),"BISHOP, Robert (Rob)",200
MH11520355,20355,TX,26,(TX-26),"BURGESS, Michael C.",200
MH11420333,20333,MN,2,(MN-02),"KLINE, John",200
MH11521732,21732,FL,5,(FL-05),"LAWSON, Alfred Jr.",100
MH11420331,20331,MI,10,(MI-10),"MILLER, Candice S.",200
MH11420330,20330,MD,8,(MD-08),"VAN HOLLEN, Christopher",100
MH11420337,20337,NM,2,(NM-02),"PEARCE, Stevan",200
MH11420336,20336,NJ,5,(NJ-05),"GARRETT, Scott",200
MH11521735,21735,FL,18,(FL-18),"MAST, Brian Jeffery",200
MH11521734,21734,KS,1,(KS-01),"MARSHALL, Roger Wayne",200
MH11429908,29908,CT,1,(CT-01),"LARSON, John B.",100
MH11521188,21188,WV,1,(WV-01),"McKINLEY, David",200
MH11521189,21189,WI,7,(WI-07),"DUFFY, Sean",200
MH11429903,29903,CA,32,(CA-32),"NAPOLITANO, Grace Flores",100
MS11441502,41502,IA,0,(IA),"ERNST, Joni",200
MH11429901,29901,CA,5,(CA-05),"THOMPSON, Michael",100
MH11521187,21187,WA,3,(WA-03),"HERRERA BEUTLER, Jaime",200
MH11521180,21180,TN,6,(TN-06),"BLACK, Diane",200
MH11529573,29573,TX,18,(TX-18),"JACKSON LEE, Sheila",100
MH11521182,21182,TX,17,(TX-17),"FLORES, Bill",200
MH11520954,20954,IL,5,(IL-05),"QUIGLEY, Mike",100
MH11520955,20955,CA,27,(CA-27),"CHU, Judy",100
MH11529572,29572,TX,13,(TX-13),"THORNBERRY, William McClellan (Mac)",200
MH11521362,21362,TX,20,(TX-20),"CASTRO, Joaquin",100
MH11414066,14066,AK,1,(AK-01),"YOUNG, Donald Edwin",200
MH11520958,20958,CA,3,(CA-03),"GARAMENDI, John",100
MH11520959,20959,FL,22,(FL-22),"DEUTCH, Theodore E. (Ted)",100
MH11521729,21729,NV,4,(NV-04),"KIHUEN, Ruben Jesus",100
MH11520325,20325,IA,4,(IA-04),"KING, Steve",200
MH11520321,20321,GA,13,(GA-13),"SCOTT, David",100
MH11515438,15438,NC,4,(NC-04),"PRICE, David Eugene",100
MH11515431,15431,GA,5,(GA-05),"LEWIS, John R.",100
MH11520536,20536,WA,8,(WA-08),"REICHERT, David G.",200
MH11421509,21509,CA,45,(CA-45),"WALTERS, Mimi",200
MH11421508,21508,CA,35,(CA-35),"TORRES, Norma Judith",100
MH11421507,21507,CA,33,(CA-33),"LIEU, Ted",100
MH11421506,21506,CA,31,(CA-31),"AGUILAR, Peter Rey",100
MH11421505,21505,CA,25,(CA-25),"KNIGHT, Steve",200
MH11421504,21504,CA,11,(CA-11),"DESAULNIER, Mark James",100
MH11421503,21503,AR,2,(AR-02),"HILL, French",200
MH11421502,21502,AZ,7,(AZ-07),"GALLEGO, Ruben",100
MH11421501,21501,AZ,2,(AZ-02),"McSALLY, Martha",200
MH11421500,21500,AL,6,(AL-06),"PALMER, Gary James",200
MH11420759,20759,LA,1,(LA-01),"SCALISE, Steve",200
MH11421115,21115,FL,11,(FL-11),"NUGENT, Richard",200
MH11421116,21116,FL,10,(FL-10),"WEBSTER, Daniel A.",200
MH11421117,21117,FL,15,(FL-15),"ROSS, Dennis",200
MH11421110,21110,CA,37,(CA-37),"BASS, Karen",100
MH11421111,21111,CO,3,(CO-03),"TIPTON, Scott",200
MH11529393,29393,OK,3,(OK-03),"LUCAS, Frank D.",200
MH11421113,21113,DE,1,(DE-01),"CARNEY, John C., Jr.",100
MH11521351,21351,OH,2,(OH-02),"WENSTRUP, Brad",200
MH11420750,20750,VT,1,(VT-01),"WELCH, Peter",100
MH11521353,21353,OH,14,(OH-14),"JOYCE, David",200
MH11521352,21352,OH,3,(OH-03),"BEATTY, Joyce",100
MH11420755,20755,OH,5,(OH-05),"LATTA, Robert E.",200
MH11420754,20754,MA,3,(MA-03),"TSONGAS, Nicola S. (Niki)",100
MH11420757,20757,IN,7,(IN-07),"CARSON, André",100
MH11420756,20756,VA,1,(VA-01),"WITTMAN, Robert J.",200
MH11520537,20537,WI,4,(WI-04),"MOORE, Gwendolynne S. (Gwen)",100
MH11429348,29348,IL,4,(IL-04),"GUTIÉRREZ, Luis V.",100
MH11415634,15634,FL,27,(FL-27),"ROS-LEHTINEN, Ileana",200
MH11429346,29346,IL,1,(IL-01),"RUSH, Bobby L.",100
MS11429940,29940,WI,0,(WI),"BALDWIN, Tammy",100
MH11420953,20953,WY,1,(WY-01),"LUMMIS, Cynthia M.",200
MH11420952,20952,VA,11,(VA-11),"CONNOLLY, Gerald E. (Gerry)",100
MH11420955,20955,CA,27,(CA-27),"CHU, Judy",100
MH11429588,29588,OR,3,(OR-03),"BLUMENAUER, Earl",100
MH11429587,29587,MD,7,(MD-07),"CUMMINGS, Elijah Eugene",100
MH11420959,20959,FL,21,(FL-21),"DEUTCH, Theodore E. (Ted)",100
MH11420958,20958,CA,3,(CA-03),"GARAMENDI, John",100
MH11421370,21370,WI,2,(WI-02),"POCAN, Mark",100
MH11421371,21371,IL,2,(IL-02),"KELLY, Robin L.",100
MH11421372,21372,MI,5,(MI-05),"KILDEE, Dan",100
MH11421373,21373,MO,8,(MO-08),"SMITH, Jason",200
MH11421375,21375,MA,5,(MA-05),"CLARK, Katherine M.",100
MH11421376,21376,AL,1,(AL-01),"BYRNE, Bradley",200
MH11421377,21377,FL,19,(FL-19),"CLAWSON, Curt",200
MH11520535,20535,WA,5,(WA-05),"McMORRIS RODGERS, Cathy",200
MH11421182,21182,TX,17,(TX-17),"FLORES, Bill",200
MH11421181,21181,TN,8,(TN-08),"FINCHER, Stephen Lee",200
MH11421180,21180,TN,6,(TN-06),"BLACK, Diane",200
MH11421187,21187,WA,3,(WA-03),"HERRERA BEUTLER, Jaime",200
MH11421186,21186,VA,5,(VA-05),"HURT, Robert",200
MH11421185,21185,VA,2,(VA-02),"RIGELL, E. Scott",200
MH11421184,21184,TX,27,(TX-27),"FARENTHOLD, Blake",200
MH11421189,21189,WI,7,(WI-07),"DUFFY, Sean",200
MH11421188,21188,WV,1,(WV-01),"McKINLEY, David",200
MH11429763,29763,TX,15,(TX-15),"HINOJOSA, Rubén",100
MH11429762,29762,TX,12,(TX-12),"GRANGER, Kay",200
MH11429760,29760,TX,8,(TX-08),"BRADY, Kevin Patrick",200
MH11521538,21538,NJ,12,(NJ-12),"WATSON COLEMAN, Bonnie",100
MH11429769,29769,WI,3,(WI-03),"KIND, Ron",100
MH11429768,29768,WA,9,(WA-09),"SMITH, Adam",100
MS11449700,49700,AL,0,(AL),"SESSIONS, Jefferson Beauregard III (Jeff)",200
MS11449703,49703,ME,0,(ME),"COLLINS, Susan Margaret",200
MH11529932,29932,OR,2,(OR-02),"WALDEN, Greg",200
MH11515445,15445,TX,21,(TX-21),"SMITH, Lamar Seeligson",200
MH11520145,20145,WA,2,(WA-02),"LARSEN, Richard Ray (Rick)",100
MH11521544,21544,NC,7,(NC-07),"ROUZER, David",200
MH11521545,21545,NC,12,(NC-12),"ADAMS, Alma",100
MS11494659,94659,AL,0,(AL),"SHELBY, Richard C.",200
MH11521705,21705,AZ,5,(AZ-05),"BIGGS, Andrew S.",200
MS11440700,40700,MN,0,(MN),"KLOBUCHAR, Amy",100
MH11521547,21547,PA,6,(PA-06),"COSTELLO, Ryan",200
MH11414854,14854,KY,5,(KY-05),"ROGERS, Harold Dallas (Hal)",200
MH11520147,20147,MO,1,(MO-01),"CLAY, William Lacy, Jr.",100
MS11441111,41111,WI,0,(WI),"JOHNSON, Ron",200
MS11441110,41110,UT,0,(UT),"LEE, Mike",200
MS11441112,41112,HI,0,(HI),"SCHATZ, Brian Emanuel",100
MH11415124,15124,IN,1,(IN-01),"VISCLOSKY, Peter",100
MH11520119,20119,MA,8,(MA-08),"LYNCH, Stephen F.",100
MS11414435,14435,MA,0,(MA),"MARKEY, Edward John",100
MH11521543,21543,NC,6,(NC-06),"WALKER, Bradley Mark",200
MH11520904,20904,CO,2,(CO-02),"POLIS, Jared",100
MH11521106,21106,AR,1,(AR-01),"CRAWFORD, Rick",200
MH11521358,21358,PA,17,(PA-17),"CARTWRIGHT, Matt",100
MH11520910,20910,FL,17,(FL-17),"ROONEY, Thomas J.",200
MH11529919,29919,MA,7,(MA-07),"CAPUANO, Michael Everett",100
MH11520915,20915,KS,2,(KS-02),"JENKINS, Lynn",200
MH11520916,20916,KY,2,(KY-02),"GUTHRIE, Brett",200
MH11521539,21539,NY,1,(NY-01),"ZELDIN, Lee M",200
MH11529911,29911,IL,9,(IL-09),"SCHAKOWSKY, Janice D.",100
MH11539304,39304,TX,29,(TX-29),"GREEN, Raymond Eugene (Gene)",100
MH11420138,20138,SC,2,(SC-02),"WILSON, Addison Graves (Joe)",200
MH11515446,15446,MI,6,(MI-06),"UPTON, Frederick Stephen",200
MS11440909,40909,VA,0,(VA),"WARNER, Mark",100
MS11440908,40908,OR,0,(OR),"MERKLEY, Jeff",100
MS11440904,40904,MN,0,(MN),"FRANKEN, Al",100
MH11415410,15410,OR,4,(OR-04),"DeFAZIO, Peter Anthony",100
MH11521103,21103,AZ,4,(AZ-04),"GOSAR, Paul",200
MS11421112,21112,CO,0,(CO),"GARDNER, Cory",200
MS11440902,40902,ID,0,(ID),"RISCH, James",200
MH11521118,21118,FL,24,(FL-24),"WILSON, Frederica",100
MH11521179,21179,TN,4,(TN-04),"DESJARLAIS, Scott",200
MH11521178,21178,TN,3,(TN-03),"FLEISCHMANN, Chuck",200
MH11521175,21175,SC,4,(SC-04),"GOWDY, Trey",200
MH11521174,21174,SC,3,(SC-03),"DUNCAN, Jeff",200
MH11521177,21177,SD,1,(SD-01),"NOEM, Kristi",200
MH11521171,21171,PA,11,(PA-11),"BARLETTA, Lou",200
MH11521170,21170,PA,10,(PA-10),"MARINO, Thomas A.",200
MH11521172,21172,RI,1,(RI-01),"CICILLINE, David N.",100
MH11421150,21150,MO,7,(MO-07),"LONG, Billy",200
MH11421151,21151,NV,3,(NV-03),"HECK, Joe",200
MH11521536,21536,NJ,1,(NJ-01),"NORCROSS, Donald",100
MH11521314,21314,CA,51,(CA-51),"VARGAS, Juan",100
MH11421156,21156,NY,19,(NY-19),"GIBSON, Christopher",200
MH11421157,21157,NY,22,(NY-22),"HANNA, Richard",200
MH11520724,20724,MD,3,(MD-03),"SARBANES, John",100
MH11421159,21159,NC,2,(NC-02),"ELLMERS, Renee",200
MH11521109,21109,CA,10,(CA-10),"DENHAM, Jeff",200
MH11420715,20715,IL,6,(IL-06),"ROSKAM, Peter",200
MH11521703,21703,CA,44,(CA-44),"BARRAGÁN, Nanette Diaz",100
MH11521700,21700,TX,19,(TX-19),"ARRINGTON, Jodey Cook",200
MH11420301,20301,AL,3,(AL-03),"ROGERS, Mike Dennis",200
MH11521706,21706,DE,1,(DE-01),"BLUNT ROCHESTER, Lisa",100
MH11420307,20307,CA,22,(CA-22),"NUNES, Devin",200
MH11420304,20304,AZ,8,(AZ-08),"FRANKS, Trent",200
MH11420305,20305,AZ,3,(AZ-03),"GRIJALVA, Raúl M.",100
MS11415424,15424,OK,0,(OK),"INHOFE, James Mountain",200
MH11521708,21708,NC,13,(NC-13),"BUDD, Theodore Paul",200
MH11521709,21709,CA,24,(CA-24),"CARBAJAL, Salud",100
MH11521318,21318,FL,6,(FL-06),"DeSANTIS, Ron",200
MH11515085,15085,TX,6,(TX-06),"BARTON, Joe Linus",200
MH11429932,29932,OR,2,(OR-02),"WALDEN, Greg",200
MH11520521,20521,NC,5,(NC-05),"FOXX, Virginia Ann",200
MS11414921,14921,KY,0,(KY),"McCONNELL, Addison Mitchell (Mitch)",200
MH11420918,20918,LA,4,(LA-04),"FLEMING, John",200
MH11521710,21710,WY,1,(WY-01),"CHENEY, Liz",200
MH11420916,20916,KY,2,(KY-02),"GUTHRIE, Brett",200
MH11429541,29541,NJ,11,(NJ-11),"FRELINGHUYSEN, Rodney P.",200
MH11429939,29939,WI,1,(WI-01),"RYAN, Paul D.",200
MH11429546,29546,NC,3,(NC-03),"JONES, Walter Beaman, Jr.",200
MH11420910,20910,FL,17,(FL-17),"ROONEY, Thomas J.",200
MH11421122,21122,GA,7,(GA-07),"WOODALL, Rob",200
MH11520316,20316,FL,25,(FL-25),"DIAZ-BALART, Mario",200
MS11421166,21166,OK,0,(OK),"LANKFORD, James",200
MH11520310,20310,CA,38,(CA-38),"SÁNCHEZ, Linda T.",100
MH11521531,21531,MN,6,(MN-06),"EMMER, Thomas Earl II",200
MH11521742,21742,FL,19,(FL-19),"ROONEY, Francis",200
MH11529368,29368,MS,2,(MS-02),"THOMPSON, Bennie",100
MH11421536,21536,NJ,1,(NJ-01),"NORCROSS, Donald",100
MH11421537,21537,NJ,3,(NJ-03),"MacARTHUR, Thomas Charles",200
MH11421534,21534,NV,4,(NV-04),"HARDY, Cresent Leo",200
MH11421535,21535,NH,1,(NH-01),"GUINTA, Frank",200
MH11421532,21532,MT,1,(MT-01),"ZINKE, Ryan",200
MH11421533,21533,NE,2,(NE-02),"ASHFORD, John Bradley",100
MH11421530,21530,MI,14,(MI-14),"LAWRENCE, Brenda L",100
MH11421531,21531,MN,6,(MN-06),"EMMER, Thomas Earl II",200
MS11420730,20730,NV,0,(NV),"HELLER, Dean",200
MH11414657,14657,WI,5,(WI-05),"SENSENBRENNER, Frank James, Jr.",200
MS11420735,20735,NY,0,(NY),"GILLIBRAND, Kirsten",100
MH11421538,21538,NJ,12,(NJ-12),"WATSON COLEMAN, Bonnie",100
MH11421539,21539,NY,1,(NY-01),"ZELDIN, Lee M",200
MH11521530,21530,MI,14,(MI-14),"LAWRENCE, Brenda L",100
MH11429729,29729,MA,2,(MA-02),"McGOVERN, James P.",100
MH11521142,21142,MI,2,(MI-02),"HUIZENGA, Bill",200
MH11529759,29759,TX,32,(TX-32),"SESSIONS, Pete",200
MH11521128,21128,IL,16,(IL-16),"KINZINGER, Adam",200
MH11429337,29337,FL,20,(FL-20),"HASTINGS, Alcee Lamar",100
MH11429331,29331,FL,7,(FL-07),"MICA, John L.",200
MH11420962,20962,GA,14,(GA-14),"GRAVES, Tom",200
MH11420963,20963,CA,50,(CA-50),"HUNTER, Duncan Duane",200
MH11521743,21743,NV,3,(NV-03),"ROSEN, Jacklyn Sheryl",100
MH11429339,29339,GA,2,(GA-02),"BISHOP, Sanford Dixon, Jr.",100
MH11521540,21540,NY,4,(NY-04),"RICE, Kathleen Maura",100
MH11514863,14863,NJ,4,(NJ-04),"SMITH, Christopher Henry",200
MH11529778,29778,CA,13,(CA-13),"LEE, Barbara",100
MH11529777,29777,PA,1,(PA-01),"BRADY, Robert A.",100
MH11529776,29776,NY,5,(NY-05),"MEEKS, Gregory W.",100
MH11421323,21323,GA,9,(GA-09),"COLLINS, Doug",200
MS11429735,29735,MO,0,(MO),"BLUNT, Roy",200
MH11421321,21321,FL,22,(FL-22),"FRANKEL, Lois",100
MH11520720,20720,IA,2,(IA-02),"LOEBSACK, Dave",100
MH11520727,20727,MN,5,(MN-05),"ELLISON, Keith",100
MH11520726,20726,MN,1,(MN-01),"WALZ, Tim",100
MH11421325,21325,IL,8,(IL-08),"DUCKWORTH, Tammy",100
MH11421324,21324,HI,2,(HI-02),"GABBARD, Tulsi",100
MH11529571,29571,TX,35,(TX-35),"DOGGETT, Lloyd Alton, II",100
MH11421329,21329,IL,17,(IL-17),"BUSTOS, Cheri",100
MH11421328,21328,IL,13,(IL-13),"DAVIS, Rodney",200
MS11421173,21173,SC,0,(SC),"SCOTT, Tim",200
MH11521333,21333,KY,6,(KY-06),"BARR, Garland H. (Andy) IV",200
MS11415408,15408,MD,0,(MD),"CARDIN, Benjamin Louis",100
MH11429759,29759,TX,32,(TX-32),"SESSIONS, Pete",200
MH11429752,29752,PA,16,(PA-16),"PITTS, Joseph R.",200
MH11521753,21753,SC,5,(SC-05),"NORMAN, Ralph",200
MH11514263,14263,MN,8,(MN-08),"NOLAN, Richard Michael",100
MH11420504,20504,FL,23,(FL-23),"WASSERMAN SCHULTZ, Debbie",100
MH11420505,20505,GA,6,(GA-06),"PRICE, Tom",200
MH11420506,20506,GA,3,(GA-03),"WESTMORELAND, Lynn A.",200
MH11420139,20139,TX,7,(TX-07),"CULBERSON, John",200
MH11420501,20501,CA,16,(CA-16),"COSTA, Jim",100
MH11521102,21102,AL,7,(AL-07),"SEWELL, Terri",100
MH11521329,21329,IL,17,(IL-17),"BUSTOS, Cheri",100
MH11420134,20134,PA,9,(PA-09),"SHUSTER, William (Bill)",200
MH11521537,21537,NJ,3,(NJ-03),"MacARTHUR, Thomas Charles",200
MH11420136,20136,RI,2,(RI-02),"LANGEVIN, James",100
MH11420508,20508,IL,3,(IL-03),"LIPINSKI, Daniel",100
MH11420130,20130,OH,12,(OH-12),"TIBERI, Patrick (Pat)",200
MH11529134,29134,NY,15,(NY-15),"SERRANO, José E.",100
MH11529701,29701,AL,4,(AL-04),"ADERHOLT, Robert",200
MH11521716,21716,NY,19,(NY-19),"FASO, John J.",200
MH11529707,29707,CA,30,(CA-30),"SHERMAN, Brad",100
MH11520542,20542,NJ,8,(NJ-08),"SIRES, Albio",100
MH11415454,15454,NJ,6,(NJ-06),"PALLONE, Frank, Jr.",100
MH11415455,15455,TN,2,(TN-02),"DUNCAN, John J., Jr.",200
MS11441300,41300,ME,0,(ME),"KING, Angus Stanley, Jr.",328
MS11441301,41301,MA,0,(MA),"WARREN, Elizabeth",100
MS11441302,41302,NE,0,(NE),"FISCHER, Debra (Deb)",200
MH11529378,29378,NY,7,(NY-07),"VELÁZQUEZ, Nydia M.",100
MS11441304,41304,TX,0,(TX),"CRUZ, Rafael Edward (Ted)",200
MH11515634,15634,FL,27,(FL-27),"ROS-LEHTINEN, Ileana",200
MS11441308,41308,NJ,0,(NJ),"BOOKER, Cory Anthony",100
MS11429373,29373,NJ,0,(NJ),"MENENDEZ, Robert",100
MH11439301,39301,SC,6,(SC-06),"CLYBURN, James Enos",100
MH11520340,20340,NC,1,(NC-01),"BUTTERFIELD, George Kenneth, Jr. (G.K.)",100
MH11520343,20343,OH,13,(OH-13),"RYAN, Timothy J.",100
MH11521323,21323,GA,9,(GA-09),"COLLINS, Doug",200
MH11520344,20344,OK,4,(OK-04),"COLE, Tom",200
MH11521748,21748,VA,2,(VA-02),"TAYLOR, Scott William",200
MH11520346,20346,PA,18,(PA-18),"MURPHY, Timothy",200
MH11420346,20346,PA,18,(PA-18),"MURPHY, Timothy",200
MH11521324,21324,HI,2,(HI-02),"GABBARD, Tulsi",100
MH11420344,20344,OK,4,(OK-04),"COLE, Tom",200
MH11521745,21745,PA,16,(PA-16),"SMUCKER, Lloyd K.",200
MH11420342,20342,OH,10,(OH-10),"TURNER, Michael R.",200
MH11420343,20343,OH,13,(OH-13),"RYAN, Timothy J.",100
MH11420340,20340,NC,1,(NC-01),"BUTTERFIELD, George Kenneth, Jr. (G.K.)",100
MH11521741,21741,MD,8,(MD-08),"RASKIN, Jamie Ben",100
MH11521193,21193,AL,5,(AL-05),"BROOKS, Mo",200
MH11521192,21192,AL,2,(AL-02),"ROBY, Martha",200
MH11520949,20949,UT,3,(UT-03),"CHAFFETZ, Jason",200
MH11520948,20948,TX,22,(TX-22),"OLSON, Pete",200
MH11420726,20726,MN,1,(MN-01),"WALZ, Tim",100
MH11521355,21355,OK,2,(OK-02),"MULLIN, Markwayne",200
MH11520941,20941,OH,11,(OH-11),"FUDGE, Marcia L.",100
MH11420727,20727,MN,5,(MN-05),"ELLISON, Keith",100
MH11520947,20947,TN,1,(TN-01),"ROE, David P. (Phil)",200
MH11520946,20946,PA,5,(PA-05),"THOMPSON, Glenn",200
MH11520944,20944,OR,5,(OR-05),"SCHRADER, Kurt",100
MH11520508,20508,IL,3,(IL-03),"LIPINSKI, Daniel",100
MH11429504,29504,CA,19,(CA-19),"LOFGREN, Zoe",100
MH11429500,29500,AZ,5,(AZ-05),"SALMON, Matthew James",200
MH11529377,29377,NY,10,(NY-10),"NADLER, Jerrold Lewis",100
MH11529565,29565,SC,1,(SC-01),"SANFORD, Mark",200
MS11420930,20930,NM,0,(NM),"HEINRICH, Martin",100
MH11521712,21712,FL,13,(FL-13),"CRIST, Charlie Joseph Jr.",100
MH11521354,21354,OK,1,(OK-01),"BRIDENSTINE, Jim",200
MH11515033,15033,MI,9,(MI-09),"LEVIN, Sander Martin",100
MH11515454,15454,NJ,6,(NJ-06),"PALLONE, Frank, Jr.",100
MH11421109,21109,CA,10,(CA-10),"DENHAM, Jeff",200
MH11421108,21108,AR,3,(AR-03),"WOMACK, Steve",200
MH11421103,21103,AZ,4,(AZ-04),"GOSAR, Paul",200
MH11421102,21102,AL,7,(AL-07),"SEWELL, Terri",100
MH11421101,21101,NY,23,(NY-23),"REED, Thomas W. II",200
MH11421100,21100,IN,3,(IN-03),"STUTZMAN, Marlin",200
MH11421106,21106,AR,1,(AR-01),"CRAWFORD, Rick",200
MH11421105,21105,AZ,6,(AZ-06),"SCHWEIKERT, David",200
MH11520504,20504,FL,23,(FL-23),"WASSERMAN SCHULTZ, Debbie",100
MH11520342,20342,OH,10,(OH-10),"TURNER, Michael R.",200
MH11521368,21368,WA,6,(WA-06),"KILMER, Derek",100
MH11521369,21369,WA,10,(WA-10),"HECK, Denny",100
MH11520709,20709,FL,16,(FL-16),"BUCHANAN, Vernon G.",200
MH11521365,21365,TX,33,(TX-33),"VEASEY, Marc",100
MH11510713,10713,MI,13,(MI-13),"CONYERS, John, Jr.",100
MH11521367,21367,UT,2,(UT-02),"STEWART, Chris",200
MH11521360,21360,TX,14,(TX-14),"WEBER, Randy",200
MH11521361,21361,TX,16,(TX-16),"O'ROURKE, Beto",100
MH11420762,20762,CA,14,(CA-14),"SPEIER, Karen Lorraine Jacqueline (Jackie)",100
MH11420763,20763,MD,4,(MD-04),"EDWARDS, Donna F.",100
MH11415621,15621,CA,48,(CA-48),"ROHRABACHER, Dana",200
MH11529561,29561,PA,14,(PA-14),"DOYLE, Michael F.",100
MH11429375,29375,NY,2,(NY-02),"KING, Peter T.",200
MH11429377,29377,NY,10,(NY-10),"NADLER, Jerrold Lewis",100
MH11429378,29378,NY,7,(NY-07),"VELÁZQUEZ, Nydia M.",100
MH11429379,29379,NY,12,(NY-12),"MALONEY, Carolyn Bosher",100
MH11521749,21749,NY,22,(NY-22),"TENNEY, Claudia",200
MH11520731,20731,NH,1,(NH-01),"SHEA-PORTER, Carol",100
MH11420926,20926,MO,3,(MO-03),"LUETKEMEYER, Blaine",200
MH11429573,29573,TX,18,(TX-18),"JACKSON LEE, Sheila",100
MH11420924,20924,MN,3,(MN-03),"PAULSEN, Erik",200
MH11429571,29571,TX,35,(TX-35),"DOGGETT, Lloyd Alton, II",100
MH11520130,20130,OH,12,(OH-12),"TIBERI, Patrick (Pat)",200
MH11420920,20920,ME,1,(ME-01),"PINGREE, Chellie",100
MH11521747,21747,NY,3,(NY-03),"SUOZZI, Thomas",100
MS11414503,14503,UT,0,(UT),"HATCH, Orrin Grant",200
MH11529317,29317,CA,40,(CA-40),"ROYBAL-ALLARD, Lucille",100
MH11520733,20733,NY,9,(NY-09),"CLARKE, Yvette Diane",100
MH11521744,21744,FL,4,(FL-04),"RUTHERFORD, John Henry",200
MH11420929,20929,NJ,7,(NJ-07),"LANCE, Leonard",200
MH11429106,29106,CA,43,(CA-43),"WATERS, Maxine",100
MH11529109,29109,CT,3,(CT-03),"DeLAURO, Rosa L.",100
MH11421369,21369,WA,10,(WA-10),"HECK, Denny",100
MH11421368,21368,WA,6,(WA-06),"KILMER, Derek",100
MH11421367,21367,UT,2,(UT-02),"STEWART, Chris",200
MH11429393,29393,OK,3,(OK-03),"LUCAS, Frank D.",200
MH11421365,21365,TX,33,(TX-33),"VEASEY, Marc",100
MH11421364,21364,TX,25,(TX-25),"WILLIAMS, Roger",200
MH11421362,21362,TX,20,(TX-20),"CASTRO, Joaquin",100
MH11421361,21361,TX,16,(TX-16),"O'ROURKE, Beto",100
MH11421360,21360,TX,14,(TX-14),"WEBER, Randy",200
MH11521740,21740,CA,20,(CA-20),"PANETTA, James Varni",100
MH11421401,21401,FL,13,(FL-13),"JOLLY, David W.",200
MH11421561,21561,MS,1,(MS-01),"KELLY, Trent",200
MH11421560,21560,NY,11,(NY-11),"DONOVAN, Daniel M., Jr.",200
MH11421563,21563,AR,4,(AR-04),"WESTERMAN, Bruce Eugene",200
MH11421562,21562,IL,18,(IL-18),"LaHOOD, Darin",200
MH11529539,29539,NJ,2,(NJ-02),"LoBIONDO, Frank A.",200
MH11421564,21564,OH,8,(OH-08),"DAVIDSON, Warren",200
MH11521191,21191,VA,9,(VA-09),"GRIFFITH, H. Morgan",200
MS11449308,49308,WA,0,(WA),"MURRAY, Patty",100
MH11429717,29717,IL,7,(IL-07),"DAVIS, Danny K.",100
MH11529550,29550,OH,1,(OH-01),"CHABOT, Steve",200
MH11429710,29710,CO,1,(CO-01),"DeGETTE, Diana",100
MS11449300,49300,CA,0,(CA),"FEINSTEIN, Dianne",100
MS11420115,20115,IL,0,(IL),"KIRK, Mark Steven",200
MS11414440,14440,MD,0,(MD),"MIKULSKI, Barbara Ann",100
MH11429718,29718,IL,15,(IL-15),"SHIMKUS, John M.",200
MH11521196,21196,NV,2,(NV-02),"AMODEI, Mark E.",200
MH11520532,20532,TX,24,(TX-24),"MARCHANT, Kenny",200
MH11514854,14854,KY,5,(KY-05),"ROGERS, Harold Dallas (Hal)",200
MH11421318,21318,FL,6,(FL-06),"DeSANTIS, Ron",200
MH11421319,21319,FL,18,(FL-18),"MURPHY, Patrick",100
MH11529741,29741,NJ,9,(NJ-09),"PASCRELL, William J., Jr.",100
MH11421312,21312,CA,41,(CA-41),"TAKANO, Mark",100
MH11421313,21313,CA,47,(CA-47),"LOWENTHAL, Alan",100
MH11521122,21122,GA,7,(GA-07),"WOODALL, Rob",200
MH11421311,21311,CA,36,(CA-36),"RUIZ, Raul",100
MH11421316,21316,CT,5,(CT-05),"ESTY, Elizabeth",100
MH11421317,21317,FL,3,(FL-03),"YOHO, Ted",200
MH11421314,21314,CA,51,(CA-51),"VARGAS, Juan",100
MH11421315,21315,CA,52,(CA-52),"PETERS, Scott",100
MH11521198,21198,OR,1,(OR-01),"BONAMICI, Suzanne",100
MH11520749,20749,IL,11,(IL-11),"FOSTER, Bill",100
MH11520748,20748,TN,9,(TN-09),"COHEN, Stephen",100
MH11531102,31102,KY,4,(KY-04),"MASSIE, Thomas",200
MH11414863,14863,NJ,4,(NJ-04),"SMITH, Christopher Henry",200
MH11520708,20708,FL,14,(FL-14),"CASTOR, Kathy",100
MH11520952,20952,VA,11,(VA-11),"CONNOLLY, Gerald E. (Gerry)",100
MH11515410,15410,OR,4,(OR-04),"DeFAZIO, Peter Anthony",100
MS11429754,29754,SD,0,(SD),"THUNE, John",200
MH11520907,20907,CT,4,(CT-04),"HIMES, James A.",100
MH11420145,20145,WA,2,(WA-02),"LARSEN, Richard Ray (Rick)",100
MH11521546,21546,OK,5,(OK-05),"RUSSELL, Steve",200
MH11420147,20147,MO,1,(MO-01),"CLAY, William Lacy, Jr.",100
MH11520903,20903,CA,4,(CA-04),"McCLINTOCK, Tom",200
MH11521541,21541,NY,21,(NY-21),"STEFANIK, Elise M",200
MH11521542,21542,NY,24,(NY-24),"KATKO, John",200
MH11420143,20143,VA,4,(VA-04),"FORBES, J. Randy",200
MS11414806,14806,IN,0,(IN),"COATS, Daniel Ray",200
MH11521548,21548,PA,13,(PA-13),"BOYLE, Brendan Francis",100
MH11521549,21549,TX,4,(TX-04),"RATCLIFFE, John",200
MH11521529,21529,MI,12,(MI-12),"DINGELL, Debbie",100
MH11520124,20124,MO,6,(MO-06),"GRAVES, Samuel",200
MH11529925,29925,NY,14,(NY-14),"CROWLEY, Joseph",100
MS11440305,40305,TX,0,(TX),"CORNYN, John",200
MH11521140,21140,MA,9,(MA-09),"KEATING, William R.",100
MH11420542,20542,NJ,8,(NJ-08),"SIRES, Albio",100
MH11521143,21143,MI,3,(MI-03),"AMASH, Justin",200
MS11414307,14307,VT,0,(VT),"LEAHY, Patrick Joseph",100
MH11521148,21148,MS,4,(MS-04),"PALAZZO, Steven",200
MH11521149,21149,MO,4,(MO-04),"HARTZLER, Vicky",200
MS11429345,29345,ID,0,(ID),"CRAPO, Michael Dean",200
MH11521733,21733,MN,2,(MN-02),"LEWIS, Jason Mark",200
MH11521328,21328,IL,13,(IL-13),"DAVIS, Rodney",200
MH11420729,20729,NE,3,(NE-03),"SMITH, Adrian",200
MH11415033,15033,MI,9,(MI-09),"LEVIN, Sander Martin",100
MH11421143,21143,MI,3,(MI-03),"AMASH, Justin",200
MH11421142,21142,MI,2,(MI-02),"HUIZENGA, Bill",200
MH11421141,21141,MI,1,(MI-01),"BENISHEK, Dan",200
MH11421140,21140,MA,9,(MA-09),"KEATING, William R.",100
MH11420720,20720,IA,2,(IA-02),"LOEBSACK, Dave",100
MH11521321,21321,FL,21,(FL-21),"FRANKEL, Lois",100
MH11420723,20723,KY,3,(KY-03),"YARMUTH, John",100
MH11420724,20724,MD,3,(MD-03),"SARBANES, John",100
MH11420725,20725,MI,7,(MI-07),"WALBERG, Tim",200
MH11421149,21149,MO,4,(MO-04),"HARTZLER, Vicky",200
MH11421148,21148,MS,4,(MS-04),"PALAZZO, Steven",200
MH11521711,21711,CA,46,(CA-46),"CORREA, Jose Luis",100
MH11420310,20310,CA,38,(CA-38),"SÁNCHEZ, Linda T.",100
MH11521713,21713,FL,10,(FL-10),"DEMINGS, Valdez Butler",100
MH11521132,21132,IN,8,(IN-08),"BUCSHON, Larry",200
MH11521715,21715,NY,13,(NY-13),"ESPAILLAT, Adriano J.",100
MH11521714,21714,FL,2,(FL-02),"DUNN, Neal Patrick",200
MH11521717,21717,GA,3,(GA-03),"FERGUSON, Anderson Drew IV",200
MH11420316,20316,FL,25,(FL-25),"DIAZ-BALART, Mario",200
MH11521719,21719,FL,1,(FL-01),"GAETZ, Matthew L. II",200
MH11521718,21718,PA,8,(PA-08),"FITZPATRICK, Brian K.",200
MH11521348,21348,NC,11,(NC-11),"MEADOWS, Mark",200
MH11529910,29910,ID,2,(ID-02),"SIMPSON, Michael K.",200
MH11429925,29925,NY,14,(NY-14),"CROWLEY, Joseph",100
MH11521137,21137,LA,2,(LA-02),"RICHMOND, Cedric",100
MH11429539,29539,NJ,2,(NJ-02),"LoBIONDO, Frank A.",200
MH11420536,20536,WA,8,(WA-08),"REICHERT, David G.",200
MH11521528,21528,MI,11,(MI-11),"TROTT, David A.",200
MH11521526,21526,MI,4,(MI-04),"MOOLENAAR, John",200
MH11521326,21326,IL,10,(IL-10),"SCHNEIDER, Brad",100
MH11521527,21527,MI,8,(MI-08),"BISHOP, Michael Dean",200
MH11520305,20305,AZ,3,(AZ-03),"GRIJALVA, Raúl M.",100
MH11520304,20304,AZ,8,(AZ-08),"FRANKS, Trent",200
MH11520307,20307,CA,22,(CA-22),"NUNES, Devin",200
MH11520301,20301,AL,3,(AL-03),"ROGERS, Mike Dennis",200
MH11521524,21524,ME,2,(ME-02),"POLIQUIN, Bruce Lee",200
MH11521105,21105,AZ,6,(AZ-06),"SCHWEIKERT, David",200
MH11521525,21525,MA,6,(MA-06),"MOULTON, Seth",100
MH11520703,20703,CA,23,(CA-23),"MCCARTHY, Kevin",200
MS11420717,20717,IN,0,(IN),"DONNELLY, Joe",100
MH11521522,21522,LA,5,(LA-05),"ABRAHAM, Ralph",200
MH11515029,15029,OH,9,(OH-09),"KAPTUR, Marcia Carolyn (Marcy)",100
MH11421525,21525,MA,6,(MA-06),"MOULTON, Seth",100
MH11421524,21524,ME,2,(ME-02),"POLIQUIN, Bruce Lee",200
MH11421527,21527,MI,8,(MI-08),"BISHOP, Michael Dean",200
MH11421526,21526,MI,4,(MI-04),"MOOLENAAR, John",200
MH11421136,21136,KS,4,(KS-04),"POMPEO, Mike",200
MH11421520,21520,IA,1,(IA-01),"BLUM, Rod",200
MH11421134,21134,KS,1,(KS-01),"HUELSKAMP, Tim",200
MH11421522,21522,LA,5,(LA-05),"ABRAHAM, Ralph",200
MH11521117,21117,FL,15,(FL-15),"ROSS, Dennis",200
MH11520538,20538,CA,6,(CA-06),"MATSUI, Doris",100
MH11421139,21139,MD,1,(MD-01),"HARRIS, Andy",200
MH11421529,21529,MI,12,(MI-12),"DINGELL, Debbie",100
MH11421528,21528,MI,11,(MI-11),"TROTT, David A.",200
MH11421132,21132,IN,8,(IN-08),"BUCSHON, Larry",200
MS11441305,41305,VA,0,(VA),"KAINE, Timothy Michael (Tim)",100
MH11429328,29328,FL,5,(FL-05),"BROWN, Corrine",100
MH11421133,21133,IN,9,(IN-09),"YOUNG, Todd",200
MH11429323,29323,CA,42,(CA-42),"CALVERT, Ken",200
MH11429321,29321,CA,39,(CA-39),"ROYCE, Edward Randall",200
MH11520530,20530,TX,10,(TX-10),"McCAUL, Michael T.",200
MS11429924,29924,NM,0,(NM),"UDALL, Thomas (Tom)",100
MH11421131,21131,IN,4,(IN-04),"ROKITA, Todd",200
MH11421521,21521,IA,3,(IA-03),"YOUNG, David",200
MS11440304,40304,TN,0,(TN),"ALEXANDER, Lamar",200
MS11421301,21301,AR,0,(AR),"COTTON, Tom",200
MH11421137,21137,LA,2,(LA-02),"RICHMOND, Cedric",100
MH11520750,20750,VT,1,(VT-01),"WELCH, Peter",100
MS11429147,29147,VT,0,(VT),"SANDERS, Bernard",328
MH11421523,21523,LA,6,(LA-06),"GRAVES, Garret",200
MS11429142,29142,RI,0,(RI),"REED, John F. (Jack)",100
MH11429109,29109,CT,3,(CT-03),"DeLAURO, Rosa L.",100
MH11421135,21135,KS,3,(KS-03),"YODER, Kevin",200
MH11414263,14263,MN,8,(MN-08),"NOLAN, Richard Michael",100
MH11421356,21356,PA,4,(PA-04),"PERRY, Scott",200
MH11421357,21357,PA,12,(PA-12),"ROTHFUS, Keith",200
MH11421354,21354,OK,1,(OK-01),"BRIDENSTINE, Jim",200
MH11421355,21355,OK,2,(OK-02),"MULLIN, Markwayne",200
MH11421352,21352,OH,3,(OH-03),"BEATTY, Joyce",100
MH11421353,21353,OH,14,(OH-14),"JOYCE, David",200
MH11421350,21350,ND,1,(ND-01),"CRAMER, Kevin",200
MH11421351,21351,OH,2,(OH-02),"WENSTRUP, Brad",200
MH11529546,29546,NC,3,(NC-03),"JONES, Walter Beaman, Jr.",200
MH11521349,21349,NC,2,(NC-02),"HOLDING, George E.B.",200
MH11529541,29541,NJ,11,(NJ-11),"FRELINGHUYSEN, Rodney P.",200
MH11421358,21358,PA,17,(PA-17),"CARTWRIGHT, Matt",100
MH11421359,21359,SC,7,(SC-07),"RICE, Tom",200
MS11429548,29548,NC,0,(NC),"BURR, Richard M.",200
MH11521510,21510,CO,4,(CO-04),"BUCK, Kenneth Robert",200
MS11420101,20101,AR,0,(AR),"BOOZMAN, John",200
MH11521312,21312,CA,41,(CA-41),"TAKANO, Mark",100
MS11420100,20100,AZ,0,(AZ),"FLAKE, Jeff",200
MH11521101,21101,NY,23,(NY-23),"REED, Thomas W. II",200
MH11429741,29741,NJ,9,(NJ-09),"PASCRELL, William J., Jr.",100
MH11429701,29701,AL,4,(AL-04),"ADERHOLT, Robert",200
MH11529143,29143,TX,3,(TX-03),"JOHNSON, Sam",200
MH11520501,20501,CA,16,(CA-16),"COSTA, Jim",100
MS11429722,29722,KS,0,(KS),"MORAN, Jerry",200
MH11521500,21500,AL,6,(AL-06),"PALMER, Gary James",200
MH11521501,21501,AZ,2,(AZ-02),"McSALLY, Martha",200
MH11521502,21502,AZ,7,(AZ-07),"GALLEGO, Ruben",100
MH11420103,20103,CA,17,(CA-17),"HONDA, Mike",100
MH11420104,20104,CA,28,(CA-28),"SCHIFF, Adam",100
MH11521505,21505,CA,25,(CA-25),"KNIGHT, Steve",200
MH11521506,21506,CA,31,(CA-31),"AGUILAR, Peter Rey",100
MH11420107,20107,CA,49,(CA-49),"ISSA, Darrell",200
MH11420108,20108,CA,53,(CA-53),"DAVIS, Susan A.",100
MH11521509,21509,CA,45,(CA-45),"WALTERS, Mimi",200
MH11521342,21342,NY,6,(NY-06),"MENG, Grace",100
MH11529718,29718,IL,15,(IL-15),"SHIMKUS, John M.",200
MH11521519,21519,IL,12,(IL-12),"BOST, Mike",200
MH11520518,20518,NE,1,(NE-01),"FORTENBERRY, Jeff",200
MH11529710,29710,CO,1,(CO-01),"DeGETTE, Diana",100
MH11529717,29717,IL,7,(IL-07),"DAVIS, Danny K.",100
MH11415445,15445,TX,21,(TX-21),"SMITH, Lamar Seeligson",200
MH11415444,15444,NY,25,(NY-25),"SLAUGHTER, Louise McIntosh",100
MS11440701,40701,MO,0,(MO),"McCASKILL, Claire",100
MH11415446,15446,MI,6,(MI-06),"UPTON, Frederick Stephen",200
MS11440707,40707,WY,0,(WY),"BARRASSO, John A.",200
MS11440705,40705,TN,0,(TN),"CORKER, Robert (Bob)",200
MS11440704,40704,RI,0,(RI),"WHITEHOUSE, Sheldon",100
MH11515019,15019,TN,5,(TN-05),"COOPER, James Hayes Shofner",100
MH11521343,21343,NY,8,(NY-08),"JEFFRIES, Hakeem",100
MH11415448,15448,CA,12,(CA-12),"PELOSI, Nancy",100
MS11440300,40300,AK,0,(AK),"MURKOWSKI, Lisa",200
MH11529321,29321,CA,39,(CA-39),"ROYCE, Edward Randall",200
MH11520519,20519,NY,26,(NY-26),"HIGGINS, Brian",100
MH11515603,15603,NY,16,(NY-16),"ENGEL, Eliot Lance",100
MS11439310,39310,WA,0,(WA),"CANTWELL, Maria E.",100
MS11441504,41504,NC,0,(NC),"TILLIS, Thomas Roland (Thom)",200
MS11441505,41505,SD,0,(SD),"ROUNDS, Marion Michael (Mike)",200
MH11531103,31103,NJ,10,(NJ-10),"PAYNE, Donald, Jr.",100
MS11441503,41503,NE,0,(NE),"SASSE, Benjamin Eric",200
MS11441500,41500,AK,0,(AK),"SULLIVAN, Daniel Scott",200
MS11441501,41501,GA,0,(GA),"PERDUE, David Alfred, Jr.",200
MH11420355,20355,TX,26,(TX-26),"BURGESS, Michael C.",200
MH11521754,21754,CA,34,(CA-34),"GOMEZ, Jimmy",100
MH11420357,20357,UT,1,(UT-01),"BISHOP, Robert (Rob)",200
MH11420356,20356,TX,31,(TX-31),"CARTER, John R.",200
MH11420351,20351,TN,7,(TN-07),"BLACKBURN, Marsha",200
MH11521750,21750,KS,4,(KS-04),"ESTES, Ron",200
MH11420353,20353,TX,19,(TX-19),"NEUGEBAUER, Randy",200
MH11420352,20352,TX,5,(TX-05),"HENSARLING, Jeb",200
MH11521364,21364,TX,25,(TX-25),"WILLIAMS, Roger",200
MH11520934,20934,NY,20,(NY-20),"TONKO, Paul",100
MH11520932,20932,NM,3,(NM-03),"LUJÁN, Ben Ray",100
MH11521366,21366,TX,34,(TX-34),"VELA, Filemon",100
MH11539308,39308,VA,6,(VA-06),"GOODLATTE, Robert William",200
MS11414871,14871,OR,0,(OR),"WYDEN, Ronald Lee",100
MH11520906,20906,CO,6,(CO-06),"COFFMAN, Mike",200
MH11539301,39301,SC,6,(SC-06),"CLYBURN, James Enos",100
MH11539307,39307,VA,3,(VA-03),"SCOTT, Robert C.",100
MH11539305,39305,TX,30,(TX-30),"JOHNSON, Eddie Bernice",100
MH11529323,29323,CA,42,(CA-42),"CALVERT, Ken",200
MH11521131,21131,IN,4,(IN-04),"ROKITA, Todd",200
MH11420519,20519,NY,26,(NY-26),"HIGGINS, Brian",100
MH11420518,20518,NE,1,(NE-01),"FORTENBERRY, Jeff",200
MH11410713,10713,MI,13,(MI-13),"CONYERS, John, Jr.",100
MS11414651,14651,FL,0,(FL),"NELSON, Clarence William (Bill)",100
MH11521111,21111,CO,3,(CO-03),"TIPTON, Scott",200
MH11521110,21110,CA,37,(CA-37),"BASS, Karen",100
MH11420517,20517,MO,5,(MO-05),"CLEAVER, Emanuel, II",100
MH11521116,21116,FL,11,(FL-11),"WEBSTER, Daniel A.",200
MH11420514,20514,LA,3,(LA-03),"BOUSTANY, Charles W.",200
MH11520531,20531,TX,11,(TX-11),"CONAWAY, K. Michael",200
MH11421178,21178,TN,3,(TN-03),"FLEISCHMANN, Chuck",200
MH11421179,21179,TN,4,(TN-04),"DESJARLAIS, Scott",200
MH11421176,21176,SC,5,(SC-05),"MULVANEY, Mick",200
MH11421177,21177,SD,1,(SD-01),"NOEM, Kristi",200
MH11421174,21174,SC,3,(SC-03),"DUNCAN, Jeff",200
MH11421175,21175,SC,4,(SC-04),"GOWDY, Trey",200
MH11421172,21172,RI,1,(RI-01),"CICILLINE, David N.",100
MH11421170,21170,PA,10,(PA-10),"MARINO, Thomas A.",200
MH11421171,21171,PA,11,(PA-11),"BARLETTA, Lou",200
MH11521373,21373,MO,8,(MO-08),"SMITH, Jason",200
MH11521372,21372,MI,5,(MI-05),"KILDEE, Dan",100
MH11521371,21371,IL,2,(IL-02),"KELLY, Robin L.",100
MH11521370,21370,WI,2,(WI-02),"POCAN, Mark",100
MH11521376,21376,AL,1,(AL-01),"BYRNE, Bradley",200
MH11521375,21375,MA,5,(MA-05),"CLARK, Katherine M.",100
MS11429935,29935,PA,0,(PA),"TOOMEY, Patrick Joseph",200
MH11431102,31102,KY,4,(KY-04),"MASSIE, Thomas",200
MH11431103,31103,NJ,10,(NJ-10),"PAYNE, Donald, Jr.",100
MH11431101,31101,WA,1,(WA-01),"DelBENE, Suzan K.",100
MH11521702,21702,IN,3,(IN-03),"BANKS, James E.",200
MH11415616,15616,MA,1,(MA-01),"NEAL, Richard Edmund",100
MH11415612,15612,NY,17,(NY-17),"LOWEY, Nita M.",100
MH11415613,15613,WA,7,(WA-07),"McDERMOTT, James A.",100
MH11521317,21317,FL,3,(FL-03),"YOHO, Ted",200
MH11429368,29368,MS,2,(MS-02),"THOMPSON, Bennie",100
MH11429561,29561,PA,14,(PA-14),"DOYLE, Michael F.",100
MH11420934,20934,NY,20,(NY-20),"TONKO, Paul",100
MH11521701,21701,NE,2,(NE-02),"BACON, Donald J.",200
MH11429565,29565,SC,1,(SC-01),"SANFORD, Mark",200
MH11420932,20932,NM,3,(NM-03),"LUJÁN, Ben Ray",100
MH11521311,21311,CA,36,(CA-36),"RUIZ, Raul",100
MH11521707,21707,MD,4,(MD-04),"BROWN, Anthony Gregory",100
MH11521704,21704,MI,1,(MI-01),"BERGMAN, John",200
MH11521108,21108,AR,3,(AR-03),"WOMACK, Steve",200
MH11420712,20712,GA,4,(GA-04),"JOHNSON, Hank",100
MH11529504,29504,CA,19,(CA-19),"LOFGREN, Zoe",100
MH11515448,15448,CA,12,(CA-12),"PELOSI, Nancy",100
MH11521164,21164,OH,16,(OH-16),"RENACCI, Jim",200
MH11521738,21738,FL,7,(FL-07),"MURPHY, Stephanie",100
MH11421558,21558,WV,3,(WV-03),"JENKINS, Evan H.",200
MH11421559,21559,WI,6,(WI-06),"GROTHMAN, Glenn",200
MS11429909,29909,GA,0,(GA),"ISAKSON, Johnny",200
MH11421554,21554,VA,8,(VA-08),"BEYER, Donald Sternoff Jr.",100
MH11421555,21555,VA,10,(VA-10),"COMSTOCK, Barbara J.",200
MH11421556,21556,WA,4,(WA-04),"NEWHOUSE, Daniel Milton",200
MH11421557,21557,WV,2,(WV-02),"MOONEY, Alex X.",200
MH11421550,21550,TX,23,(TX-23),"HURD, William Ballard",200
MH11421551,21551,TX,36,(TX-36),"BABIN, Brian",200
MH11421552,21552,UT,4,(UT-04),"LOVE, Ludmya Bourdeau (Mia)",200
MH11421553,21553,VA,7,(VA-07),"BRAT, David A.",200
MH11429572,29572,TX,13,(TX-13),"THORNBERRY, William McClellan (Mac)",200
MH11520702,20702,CA,9,(CA-09),"McNERNEY, Jerry",100
MS11420713,20713,HI,0,(HI),"HIRONO, Mazie",100
MH11420927,20927,NV,1,(NV-01),"TITUS, Alice (Dina)",100
MH11520705,20705,CO,7,(CO-07),"PERLMUTTER, Ed",100
MH11520704,20704,CO,5,(CO-05),"LAMBORN, Doug",200
MH11429312,29312,CA,18,(CA-18),"ESHOO, Anna Georges",100
MH11429313,29313,CA,20,(CA-20),"FARR, Sam",100
MH11429707,29707,CA,30,(CA-30),"SHERMAN, Brad",100
MH11420925,20925,MS,3,(MS-03),"HARPER, Gregg",200
MH11429316,29316,CA,34,(CA-34),"BECERRA, Xavier",100
MH11429317,29317,CA,40,(CA-40),"ROYBAL-ALLARD, Lucille",100
MH11520706,20706,CT,2,(CT-02),"COURTNEY, Joe",100
MH11429709,29709,CA,46,(CA-46),"SANCHEZ, Loretta",100
MH11521731,21731,TN,8,(TN-08),"KUSTOFF, David",200
MH11521730,21730,IL,8,(IL-08),"KRISHNAMOORTHI, S. Raja",100
MH11521737,21737,MI,10,(MI-10),"MITCHELL, Paul",200
MH11429137,29137,OH,8,(OH-08),"BOEHNER, John Andrew",200
MH11429134,29134,NY,15,(NY-15),"SERRANO, José E.",100
MH11521736,21736,VA,4,(VA-04),"MCEACHIN, Aston Donald",100
MH11421309,21309,CA,29,(CA-29),"CÁRDENAS, Tony",100
MH11421308,21308,CA,26,(CA-26),"BROWNLEY, Julia",100
MH11521558,21558,WV,3,(WV-03),"JENKINS, Evan H.",200
MH11515444,15444,NY,25,(NY-25),"SLAUGHTER, Louise McIntosh",100
MH11421300,21300,AZ,9,(AZ-09),"SINEMA, Kyrsten",100
MH11421303,21303,CA,2,(CA-02),"HUFFMAN, Jared",100
MH11421302,21302,CA,1,(CA-01),"LaMALFA, Doug",200
MH11421305,21305,CA,8,(CA-08),"COOK, Paul",200
MH11421304,21304,CA,7,(CA-07),"BERA, Ami",100
MH11421307,21307,CA,21,(CA-21),"VALADAO, David G.",200
MH11421306,21306,CA,15,(CA-15),"SWALWELL, Eric",100
MH11520756,20756,VA,1,(VA-01),"WITTMAN, Robert J.",200
MS11421338,21338,MT,0,(MT),"DAINES, Steve",200
MH11520757,20757,IN,7,(IN-07),"CARSON, André",100
MH11414873,14873,MD,5,(MD-05),"HOYER, Steny Hamilton",100
MH11520754,20754,MA,3,(MA-03),"TSONGAS, Nicola S. (Niki)",100
MH11520755,20755,OH,5,(OH-05),"LATTA, Robert E.",200
MS11415015,15015,DE,0,(DE),"CARPER, Thomas Richard",100
MH11529312,29312,CA,18,(CA-18),"ESHOO, Anna Georges",100
MH11429143,29143,TX,3,(TX-03),"JOHNSON, Sam",200
MH11420915,20915,KS,2,(KS-02),"JENKINS, Lynn",200
MH11420522,20522,NC,10,(NC-10),"McHENRY, Patrick T.",200
MH11521123,21123,GA,8,(GA-08),"SCOTT, Austin",200
MH11521559,21559,WI,6,(WI-06),"GROTHMAN, Glenn",200
MH11420521,20521,NC,5,(NC-05),"FOXX, Virginia Ann",200
MH11420526,20526,PA,15,(PA-15),"DENT, Charles W.",200
MH11420527,20527,TX,1,(TX-01),"GOHMERT, Louie",200
MH11420524,20524,PA,8,(PA-08),"FITZPATRICK, Michael G.",200
MH11521125,21125,ID,1,(ID-01),"LABRADOR, Raúl R.",200
MH11521553,21553,VA,7,(VA-07),"BRAT, David A.",200
MH11521552,21552,UT,4,(UT-04),"LOVE, Ludmya Bourdeau (Mia)",200
MH11420528,20528,TX,2,(TX-02),"POE, Ted",200
MH11420529,20529,TX,9,(TX-09),"GREEN, Al",100
MH11521557,21557,WV,2,(WV-02),"MOONEY, Alex X.",200
MH11521556,21556,WA,4,(WA-04),"NEWHOUSE, Daniel Milton",200
MH11521555,21555,VA,10,(VA-10),"COMSTOCK, Barbara J.",200
MH11521554,21554,VA,8,(VA-08),"BEYER, Donald Sternoff Jr.",100
MH11521184,21184,TX,27,(TX-27),"FARENTHOLD, Blake",200
MS11441101,41101,CT,0,(CT),"BLUMENTHAL, Richard",100
MH11415438,15438,NC,4,(NC-04),"PRICE, David Eugene",100
MS11415054,15054,NV,0,(NV),"REID, Harry",100
MS11429386,29386,OH,0,(OH),"PORTMAN, Robert Jones (Rob)",200
MH11415431,15431,GA,5,(GA-05),"LEWIS, John R.",100
MS11420919,20919,LA,0,(LA),"CASSIDY, Bill",200
MH11520758,20758,FL,12,(FL-12),"BILIRAKIS, Gus",200
MH11421366,21366,TX,34,(TX-34),"VELA, Filemon",100
MH11520522,20522,NC,10,(NC-10),"McHENRY, Patrick T.",200
MH11514066,14066,AK,1,(AK-01),"YOUNG, Donald Edwin",200
MH11520759,20759,LA,1,(LA-01),"SCALISE, Steve",200
MH11529106,29106,CA,43,(CA-43),"WATERS, Maxine",100
MS11414852,14852,KS,0,(KS),"ROBERTS, Charles Patrick (Pat)",200
MH11420738,20738,OH,4,(OH-04),"JORDAN, Jim",200
MH11521337,21337,MO,2,(MO-02),"WAGNER, Ann",200
MH11521335,21335,MA,4,(MA-04),"KENNEDY, Joseph P. III",100
MH11521334,21334,MD,6,(MD-06),"DELANEY, John",100
MH11420733,20733,NY,9,(NY-09),"CLARKE, Yvette Diane",100
MH11521332,21332,IN,6,(IN-06),"MESSER, Luke",200
MH11415029,15029,OH,9,(OH-09),"KAPTUR, Marcia Carolyn (Marcy)",100
MH11520762,20762,CA,14,(CA-14),"SPEIER, Karen Lorraine Jacqueline (Jackie)",100
MH11521724,21724,LA,3,(LA-03),"HIGGINS, Clay",200
MH11420325,20325,IA,4,(IA-04),"KING, Steve",200
MH11521726,21726,WA,7,(WA-07),"JAYAPAL, Pramila",100
MH11521727,21727,LA,4,(LA-04),"JOHNSON, Mike",200
MH11521720,21720,WI,8,(WI-08),"GALLAGHER, Michael",200
MH11420321,20321,GA,13,(GA-13),"SCOTT, David",100
MH11521722,21722,TX,15,(TX-15),"GONZALEZ, Vicente Jr.",100
MH11521723,21723,NJ,5,(NJ-05),"GOTTHEIMER, Josh S.",100
MH11521135,21135,KS,3,(KS-03),"YODER, Kevin",200
MH11521728,21728,CA,17,(CA-17),"KHANNA, Rohit",100
MH11420329,20329,MD,2,(MD-02),"RUPPERSBERGER, C. A. (Dutch)",100
MH11520963,20963,CA,50,(CA-50),"HUNTER, Duncan Duane",200
MH11520962,20962,GA,14,(GA-14),"GRAVES, Tom",200
MH11429910,29910,ID,2,(ID-02),"SIMPSON, Michael K.",200
MH11429911,29911,IL,9,(IL-09),"SCHAKOWSKY, Janice D.",100
MH11429525,29525,KY,1,(KY-01),"WHITFIELD, Wayne Edward (Ed)",200
MS11415011,15011,CA,0,(CA),"BOXER, Barbara",100
MH11429919,29919,MA,7,(MA-07),"CAPUANO, Michael Everett",100
MH11520134,20134,PA,9,(PA-09),"SHUSTER, William (Bill)",200
MH11520337,20337,NM,2,(NM-02),"PEARCE, Stevan",200
MH11520929,20929,NJ,7,(NJ-07),"LANCE, Leonard",200
MS11414858,14858,NY,0,(NY),"SCHUMER, Charles Ellis (Chuck)",100
MH11421518,21518,IL,10,(IL-10),"DOLD, Robert",200
MH11421519,21519,IL,12,(IL-12),"BOST, Mike",200
MH11421510,21510,CO,4,(CO-04),"BUCK, Kenneth Robert",200
MH11421511,21511,FL,2,(FL-02),"GRAHAM, Gwendolyn (Gwen)",100
MH11421512,21512,FL,26,(FL-26),"CURBELO, Carlos",200
MH11421513,21513,GA,1,(GA-01),"CARTER, Buddy",200
MH11421514,21514,GA,10,(GA-10),"HICE, Jody Brownlow",200
MH11421515,21515,GA,11,(GA-11),"LOUDERMILK, Barry D.",200
MH11421516,21516,GA,12,(GA-12),"ALLEN, Rick W.",200
MH11421517,21517,HI,1,(HI-01),"TAKAI, Mark",100
MH11531101,31101,WA,1,(WA-01),"DelBENE, Suzan K.",100
MH11420748,20748,TN,9,(TN-09),"COHEN, Stephen",100
MH11420749,20749,IL,11,(IL-11),"FOSTER, Bill",100
MH11421125,21125,ID,1,(ID-01),"LABRADOR, Raúl R.",200
MH11520527,20527,TX,1,(TX-01),"GOHMERT, Louie",200
MH11520526,20526,PA,15,(PA-15),"DENT, Charles W.",200
MH11421129,21129,IL,14,(IL-14),"HULTGREN, Randy",200
MH11421128,21128,IL,16,(IL-16),"KINZINGER, Adam",200
MH11521340,21340,NH,2,(NH-02),"KUSTER, Ann McLane",100
MH11521341,21341,NM,1,(NM-01),"LUJAN GRISHAM, Michelle",100
MH11521346,21346,NC,8,(NC-08),"HUDSON, Richard",200
MH11521347,21347,NC,9,(NC-09),"PITTENGER, Robert",200
MH11521344,21344,NY,18,(NY-18),"MALONEY, Sean Patrick",100
MH11521345,21345,NY,27,(NY-27),"COLLINS, Chris",200
MH11521124,21124,HI,1,(HI-01),"HANABUSA, Colleen",100
MH11521551,21551,TX,36,(TX-36),"BABIN, Brian",200
MS11420146,20146,WV,0,(WV),"CAPITO, Shelley Moore",200
MH11520909,20909,FL,8,(FL-08),"POSEY, Bill",200
MH11439304,39304,TX,29,(TX-29),"GREEN, Raymond Eugene (Gene)",100
MH11439305,39305,TX,30,(TX-30),"JOHNSON, Eddie Bernice",100
MH11529379,29379,NY,12,(NY-12),"MALONEY, Carolyn Bosher",100
MH11439307,39307,VA,3,(VA-03),"SCOTT, Robert C.",100
MH11420948,20948,TX,22,(TX-22),"OLSON, Pete",200
MH11420949,20949,UT,3,(UT-03),"CHAFFETZ, Jason",200
MH11420944,20944,OR,5,(OR-05),"SCHRADER, Kurt",100
MH11420946,20946,PA,5,(PA-05),"THOMPSON, Glenn",200
MH11420947,20947,TN,1,(TN-01),"ROE, David P. (Phil)",200
MH11439308,39308,VA,6,(VA-06),"GOODLATTE, Robert William",200
MH11420941,20941,OH,11,(OH-11),"FUDGE, Marcia L.",100
MH11529375,29375,NY,2,(NY-02),"KING, Peter T.",200
MH11521129,21129,IL,14,(IL-14),"HULTGREN, Randy",200
MH11521550,21550,TX,23,(TX-23),"HURD, William Ballard",200
MH11529127,29127,MN,7,(MN-07),"PETERSON, Collin Clark",100
MH11520529,20529,TX,9,(TX-09),"GREEN, Al",100
MS11441303,41303,ND,0,(ND),"HEITKAMP, Mary Kathryn (Heidi)",100
MH11421345,21345,NY,27,(NY-27),"COLLINS, Chris",200
MH11421344,21344,NY,18,(NY-18),"MALONEY, Sean Patrick",100
MH11421347,21347,NC,9,(NC-09),"PITTENGER, Robert",200
MH11421346,21346,NC,8,(NC-08),"HUDSON, Richard",200
MH11421341,21341,NM,1,(NM-01),"LUJAN GRISHAM, Michelle",100
MH11421340,21340,NH,2,(NH-02),"KUSTER, Ann McLane",100
MH11421343,21343,NY,8,(NY-08),"JEFFRIES, Hakeem",100
MH11421342,21342,NY,6,(NY-06),"MENG, Grace",100
MH11421123,21123,GA,8,(GA-08),"SCOTT, Austin",200
MH11421349,21349,NC,13,(NC-13),"HOLDING, George E.B.",200
MH11421348,21348,NC,11,(NC-11),"MEADOWS, Mark",200
MH11520136,20136,RI,2,(RI-02),"LANGEVIN, James",100
MH11421198,21198,OR,1,(OR-01),"BONAMICI, Suzanne",100
MH11421195,21195,CA,44,(CA-44),"HAHN, Janice",100
MH11421196,21196,NV,2,(NV-02),"AMODEI, Mark E.",200
MH11529903,29903,CA,32,(CA-32),"NAPOLITANO, Grace Flores",100
MH11421190,21190,WI,8,(WI-08),"RIBBLE, Reid",200
MH11421191,21191,VA,9,(VA-09),"GRIFFITH, H. Morgan",200
MH11421192,21192,AL,2,(AL-02),"ROBY, Martha",200
MH11421193,21193,AL,5,(AL-05),"BROOKS, Mo",200
MH11520725,20725,MI,7,(MI-07),"WALBERG, Tim",200
MS11440916,40916,DE,0,(DE),"COONS, Christopher A.",100
MH11429778,29778,CA,13,(CA-13),"LEE, Barbara",100
MH11520329,20329,MD,2,(MD-02),"RUPPERSBERGER, C. A. (Dutch)",100
MH11429774,29774,CA,24,(CA-24),"CAPPS, Lois",100
MH11429776,29776,NY,5,(NY-05),"MEEKS, Gregory W.",100
MH11429777,29777,PA,1,(PA-01),"BRADY, Robert A.",100
MH11521516,21516,GA,12,(GA-12),"ALLEN, Rick W.",200
MH11521507,21507,CA,33,(CA-33),"LIEU, Ted",100
MH11521514,21514,GA,10,(GA-10),"HICE, Jody Brownlow",200
MH11521513,21513,GA,1,(GA-01),"CARTER, Buddy",200
MH11521512,21512,FL,26,(FL-26),"CURBELO, Carlos",200
MH11420111,20111,FL,4,(FL-04),"CRENSHAW, Ander",200
MH11420110,20110,FL,1,(FL-01),"MILLER, Jefferson B. (Jeff)",200
MH11420119,20119,MA,8,(MA-08),"LYNCH, Stephen F.",100
MH11521503,21503,AR,2,(AR-02),"HILL, French",200
MH11529729,29729,MA,2,(MA-02),"McGOVERN, James P.",100
MH11521504,21504,CA,11,(CA-11),"DESAULNIER, Mark James",100
MH11515124,15124,IN,1,(IN-01),"VISCLOSKY, Peter",100
MH11521508,21508,CA,35,(CA-35),"TORRES, Norma Judith",100
MH11515612,15612,NY,17,(NY-17),"LOWEY, Nita M.",100
MH11520108,20108,CA,53,(CA-53),"DAVIS, Susan A.",100
MH11515616,15616,MA,1,(MA-01),"NEAL, Richard Edmund",100
MH11520107,20107,CA,49,(CA-49),"ISSA, Darrell",200
MH11520138,20138,SC,2,(SC-02),"WILSON, Addison Graves (Joe)",200
MH11520139,20139,TX,7,(TX-07),"CULBERSON, John",200
MH11515455,15455,TN,2,(TN-02),"DUNCAN, John J., Jr.",200
MS11441102,41102,FL,0,(FL),"RUBIO, Marco",200
MH11520104,20104,CA,28,(CA-28),"SCHIFF, Adam",100
MS11441106,41106,NH,0,(NH),"AYOTTE, Kelly",200
MS11441107,41107,ND,0,(ND),"HOEVEN, John",200
MS11441104,41104,KY,0,(KY),"PAUL, Rand",200
MH11520715,20715,IL,6,(IL-06),"ROSKAM, Peter",200
MS11429534,29534,MS,0,(MS),"WICKER, Roger F.",200
MH11521746,21746,FL,9,(FL-09),"SOTO, Darren Michael",100
MH11521562,21562,IL,18,(IL-18),"LaHOOD, Darin",200
MH11521563,21563,AR,4,(AR-04),"WESTERMAN, Bruce Eugene",200
MH11521560,21560,NY,11,(NY-11),"DONOVAN, Daniel M., Jr.",200
MH11521561,21561,MS,1,(MS-01),"KELLY, Trent",200
MH11521566,21566,PA,2,(PA-02),"EVANS, Dwight",100
MH11521564,21564,OH,8,(OH-08),"DAVIDSON, Warren",200
MH11521565,21565,KY,1,(KY-01),"COMER, James",200
MH11520925,20925,MS,3,(MS-03),"HARPER, Gregg",200
MH11520924,20924,MN,3,(MN-03),"PAULSEN, Erik",200
MH11520927,20927,NV,1,(NV-01),"TITUS, Alice (Dina)",100
MH11520926,20926,MO,3,(MO-03),"LUETKEMEYER, Blaine",200
MH11520920,20920,ME,1,(ME-01),"PINGREE, Chellie",100
MH11521359,21359,SC,7,(SC-07),"RICE, Tom",200
MS11429918,29918,LA,0,(LA),"VITTER, David",200
MH11529901,29901,CA,5,(CA-05),"THOMPSON, Michael",100
MH11420758,20758,FL,12,(FL-12),"BILIRAKIS, Gus",200
MH11520729,20729,NE,3,(NE-03),"SMITH, Adrian",200
MS11440915,40915,WV,0,(WV),"MANCHIN, Joe, III",100
MH11529908,29908,CT,1,(CT-01),"LARSON, John B.",100
MS11440910,40910,CO,0,(CO),"BENNET, Michael F.",100
MS11429732,29732,MI,0,(MI),"STABENOW, Deborah Ann",100
MH11529348,29348,IL,4,(IL-04),"GUTIÉRREZ, Luis V.",100
MH11520517,20517,MO,5,(MO-05),"CLEAVER, Emanuel, II",100
MH11521168,21168,PA,7,(PA-07),"MEEHAN, Patrick",200
MH11520122,20122,MN,4,(MN-04),"McCOLLUM, Betty",100
MH11521167,21167,PA,3,(PA-03),"KELLY, Mike",200
MH11521725,21725,IN,9,(IN-09),"HOLLINGSWORTH, Joseph Albert III",200
MH11521165,21165,OH,7,(OH-07),"GIBBS, Bob",200
MH11521162,21162,OH,6,(OH-06),"JOHNSON, Bill",200
MH11521163,21163,OH,15,(OH-15),"STIVERS, Steve",200